ClipID,Air Dates,Host,Guests,Short Synopsis,Long Synopsis,Any dates mentioned (timecode where),Any date sensitive material (timecode where)
HD-P250812-000052,,Matt Crouch; Lori Kraut,Max Lucado; Person 311; Person 642; Person 1405; Person 1406,"Cece Winans hosts a discussion with TBN’s Matt Crouch and Lori Kraut and author Max Lucado about his new book *Tame Your Thoughts*, arguing that God’s acceptance isn’t based on performance and offering a three‑step biblical framework for capturing negative thoughts and renewing the mind.","The program opens with a brief promotional spot for the Praise network before Cece Winans steps in to introduce the day’s guests: longtime TBN hosts Matt Crouch and Lori Kraut, together with bestselling Christian author Max Lucado. The three settle into a conversation that orients around Lucado’s newest book, *Tame Your Thoughts*, and the central claim that God’s hold on a person is not contingent on the individual’s performance or on how tightly they think they can “grip” Him. From the outset, the hosts frame the discussion as a corrective to a pervasive “performance‑based spirituality” that equates divine acceptance with personal achievement. Lucado reinforces this by citing the biblical promise in Romans 8 that believers are “more than conquerors” because of God’s love, not because of their own merit. The early minutes are peppered with vivid analogies that illustrate how a performance mindset can sabotage a secure relationship with God. Matt likens it to a marriage in which one partner constantly checks a scorecard of good deeds, while Lori compares it to a golfer obsessively tracking every swing, never allowing the game to be enjoyed. A school‑grade metaphor follows, suggesting that when believers treat spiritual growth like a report card, they become terrified of failing and thus more likely to hide their doubts. These images serve to make the abstract theological point concrete: when the believer’s identity is tied to measurable output, anxiety spikes, and the “fear of God’s rejection” becomes a dominant emotional driver. The conversation quickly moves from diagnosis to prescription. Lucado references research indicating that the average adult generates roughly 60,000 thoughts per day, with a significant portion—up to 80 percent—being repetitive or negative. He argues that the sheer volume of unfiltered thoughts can drown out the “quiet voice” of God, making it essential to “take thoughts captive” as Paul exhorts in 2 Corinthians 10:5. The hosts interject with personal anecdotes: Matt recounts a moment when a lingering worry about a construction project on his property spiraled into sleeplessness, while Lori shares a family dinner where a child’s offhand comment about “not being good enough” triggered a cascade of self‑criticism. Both stories underscore how unchecked mental chatter can shape emotional responses and behavior. From 20 minutes into the segment, the dialogue deepens into the mechanics of belief formation. The participants stress that thoughts are not neutral; they are the building blocks of actions. They invoke the biblical mandate to “renew the mind” (Romans 12:2) and propose a three‑step practical framework: first, “picky thinking,” which involves consciously selecting thoughts that align with truth; second, identifying “untruths”—the hosts label these UFOs (Unidentified False Opinions)—and finally, “uprooting and replanting” those false ideas with Scripture. The metaphor of a garden recurs, suggesting that just as weeds must be pulled before new seedlings can thrive, harmful mental patterns must be removed before godly truths can take root. Scriptural references are woven throughout the practical segment. The “helmet of salvation” (Ephesians 6:17) is presented as a mental safeguard, reminding listeners that their identity","44:04 — Reference to “the pandemic” that occurred “a number of years ago” (COVID‑19 pandemic).
45:12 — Mentions that the pandemic event is now “in the rearview mirror” and hopes it never returns.
50:03 — Lucado states his first book *On the Anvil* was published when he was about 85 years old.
50:35 — Matt notes “40 years of writing books.”
45:12 — Reference to “five years in the past” regarding earlier ministry work.","03:46 — Reference to Max Lucado having sold 150 million books, a quantitative claim about book sales.
04:47 — Lucado mentions having pastored for 46 years, a personal duration claim.
07:24 — A participant says, “After 40 years, I ain’t doing this over again,” indicating a 40‑year time span.
16:00 — Matt Crouch notes Lucado has been doing ministry for 47 years, another duration claim.
19:24 — Lucado cites a study reporting humans have about 70,000 thoughts per day.
19:30 — Lucado claims four out of five daily thoughts are unhealthy, based on the Cleveland Clinic.
34:34 — Reference to ""two weeks ago"" when the speaker returned from a trip to the Middle East, indicating a recent past event.
40:12 — Discussion of the COVID‑19 pandemic as a recent, high‑impact event; relevance may fade as public memory recedes.
40:12 — Mention that the pandemic experience is “five years in the past,” indicating a time‑sensitive recollection.
40:12 — Statement that Lucado has “40 years of writing books,” a milestone that changes over time.
40:12 — Information that *Tame Your Thoughts* is currently available for purchase (e.g., on Amazon, via drone delivery); availability may change.
40:12 — Closing call‑to‑action encouraging listeners to “take back your peace of mind” and noting the book is “available now,” which is time‑sensitive promotional language."
HD-P250804-091331,,Sheila Walsh; Matt Crouch; Mike Rowe,Karlyn McClellan; Victoria Knight; Person 624; Person 879; Person 1404,"Mike Rowe highlighted the U.S. “skills gap,” noting that millions of well‑paid trades jobs like plumbing and welding lack enough qualified workers due to decades of emphasizing four‑year degrees and cutting shop‑class programs, and promoted his nonprofit Mike Rowe Works, which has awarded over $5 million in scholarships and apprenticeships through a “Sweat Pledge” that ties financial aid to a commitment to hard, hands‑on work.","Mike Rowe opened the program with a frank appraisal of the United States’ “skills gap,” a term he and the Trinity Broadcasting Network hosts used to describe the widening disconnect between the nation’s demand for well‑paid, hands‑on occupations and the supply of workers prepared to fill them. From the outset, Rowe underscored that millions of jobs—plumbing, welding, flooring, and similar trades—pay comfortably and do not require a four‑year college degree. He traced the problem to a series of historical shifts: the post‑World‑II elevation of the bachelor’s degree as the default path to economic security, the systematic removal of shop‑class curricula from secondary schools, and the relentless rise in tuition that has turned college into a debt‑laden gamble for many families. The hosts cited concrete hiring projections, noting that the flooring industry alone anticipates a need for 180,000 workers over the next five years, a figure that illustrates the immediacy of the shortage. Rowe then turned the discussion to his own nonprofit, Mike Rowe Works—formerly known as Microworks—highlighting its impact since inception. He reported that the foundation has disbursed more than five million dollars to over a thousand students, a sum that has been funneled into scholarships, apprenticeships, and other forms of vocational support. Central to the foundation’s outreach is the “Sweat Pledge,” a scholarship model that requires recipients to commit to a work ethic grounded in physical effort and personal responsibility. The pledge, Rowe explained, is not merely a financial award but a cultural statement: it affirms that dignity resides in the act of work itself, regardless of whether that work occurs in a laboratory, a construction site, or a kitchen. Personal testimonies from the guests reinforced the abstract data. Several participants recounted their own journeys into the trades, describing how early exposure to hands‑on learning sparked a lifelong commitment to skilled labor. Their stories served as counterpoints to the prevailing narrative that equates success exclusively with a college diploma. The hosts used these anecdotes to stress that the market is already signaling a need for workers, and that the barrier is no longer a lack of jobs but a shortage of people willing to pursue them. In the second segment, Rowe deepened the conversation about societal attitudes toward skilled labor. He lamented a pervasive lack of appreciation for the trades, arguing that the cultural devaluation of manual work fuels the skills gap. The “Sweat Pledge” reappeared as a concrete mechanism to reverse that trend, linking scholarship eligibility to a pledge of hard work and gratitude. Rowe invoked the origin story of his television series *Dirty Jobs*, which debuted in 2002, to illustrate how media can elevate the visibility of under‑celebrated occupations. He recalled the summer of 1980 as a personal turning point, a period that later informed his perspective on the dignity of work. Audience interaction added a human dimension to the abstract arguments. A participant identified only as “Person 624” shared a narrative about escaping debt through trade work, reinforcing Rowe’s point that the financial pitfalls of a","05:13 — Rowe says the foundation was started “four or five years into the show” (refers to the early 2000s period of Dirty Jobs).
09:54 — Rowe references “back in 2008” when there were 2.3 million non‑degree job opportunities.
11:01 — Rowe mentions the “mid‑late 70s” as the era when the four‑year degree became the default path.
19:05 — Rowe cites a projection that floor‑industry companies will need to hire 180,000 workers over the next five years.
24:35 — Reference to ""the summer of 1980"" when Rowe worked 45‑hour weeks.
27:37 — Reference to the year 2002, when the concept for Dirty Jobs originated.","01:49 — Rowe claims “there’s never been a better time to be an ambitious, well‑trained plumber,” implying a current market condition.
02:16 — Rowe states there were 7.3 million open jobs, most not requiring a four‑year degree – a snapshot of current labor market data.
06:02 — Rowe says the foundation “awards a million dollars a year” to skill‑training applicants – an ongoing annual funding commitment.
09:38 — Rowe urges listeners to “apply for a work ethic scholarship today at microworks.org,” a call‑to‑action with immediate relevance.
12:17 — Rowe compares his 1984 community‑college total bill (~$12,000) to today’s cost (~$90,000), highlighting a current cost escalation.
15:06 — Rowe emphasizes the need to “set the table” now so people understand current opportunities, a present‑focused recommendation.
26:09 — Rowe says ""today, unfortunately, of all the many things that divide our country..."" indicating a current concern about the perception that opportunity is dead.
41:57 — Recidivism claim: ""76% of offenders wind up back in jail within five years of their release"" – a statistic presented as current.
55:15 — Proposed broadcast times for the new show (Tuesdays at 9, Saturdays at 4, Wednesdays at 6) – tentative scheduling that may change."
HD-P250715R3-152201,,Matt Crouch; Laurie Crouch,N.T. Wright; Person 78,"Matt and Laurie Crouch introduce New Testament scholar N. T. Wright on their PRAISE program before debating eschatology with a guest (“Person 78”), who argues that biblical prophecy depicts God’s kingdom as an already‑present, earth‑bound reality rather than a future, escapist realm, contrasting this view with the historically dominant dispensationalist interpretation that links prophecy to political events such as the creation of Israel and the Gulf War.","Matt and Laurie Crouch opened the episode of PRAISE by welcoming New Testament scholar N. T. Wright, whose résumé they recited with reverent familiarity. They highlighted his Oxford doctorate, his ordination as an Anglican priest in 1976, his tenure as Bishop of Durham, and his current appointment at Wycliffe College, framing him as a figure whose academic rigor is matched by pastoral credibility and popular appeal. The Crouches positioned Wright as a bridge between the academy and the evangelical audience, setting the tone for a conversation that would move from biographical commendation to doctrinal dispute. The first substantive segment, lasting from roughly one and a half minutes to twenty‑minutes into the broadcast, turned to eschatology. The hosts traced the historical development of dispensationalism, noting its emergence in nineteenth‑century America and its subsequent dominance in evangelical circles. They linked the doctrine’s literalist reading of prophetic Scripture to concrete political outcomes: the 1948 establishment of the State of Israel, which dispensationalists celebrated as the fulfillment of biblical prophecy, and the United States’ involvement in the second Gulf War, which they suggested was motivated in part by a theological expectation of divine vindication. In contrast, the guest identified only as “Person 78” offered a counter‑narrative. He argued that Western Christianity has long imagined the kingdom of God as a future, heavenly realm, a view he said is at odds with the biblical picture of God’s reign manifest on earth. To substantiate this claim, Person 78 invoked Old‑Testament royal language—particularly the covenantal promises of a Davidic king—and first‑century Jewish expectations of a messianic deliverer who would restore Israel’s political sovereignty. He then turned to New‑Testament texts such as Ephesians 1:10, which speaks of “the mystery of the fullness of the times” in which “all things in heaven and on earth will be brought together under one head,” Revelation 21:3’s declaration that “the dwelling place of God is with man,” and John 1:14’s affirmation that “the Word became flesh and dwelt among us.” These citations were presented as evidence that the biblical vision is fundamentally incarnational and terrestrial, not escapist. From twenty‑minutes and forty‑seven seconds to thirty‑nine minutes and fifteen seconds, the dialogue deepened its focus on the kingdom motif. Person 78 maintained that Jesus inaugurated the kingdom through concrete, present‑world actions—parables that subverted expectations of a political Messiah, healings that demonstrated the kingdom’s restorative power, and a willingness to suffer that modeled the kingdom’s ethic of self‑gift. He contended that the kingdom is “already here” in a nascent form, though its consummation awaits a future transformation of the created order. The Crouches, particularly Matt, probed the guest’s interpretation of key biblical passages. Person 78 cited Psalm 2, interpreting its “the nations rage” and “the One enthroned” as a description of God’s sovereign rule over earthly powers rather than a distant, otherworldly reign. Isaiah 42 was presented as a messianic text that envisions a servant who “establishes justice on the earth” and “opens the eyes that are blind,” reinforcing the idea of a present, restorative","03:36 — Wright was ordained as an Anglican priest in 1976.
06:06 — Reference to 1948, the year Israel became a nation.
09:02 — Speaker says 1948 was the year he was born.","07:32 — Mention of a newly released book titled “The Rise and Fall of Dispensationalism,” indicating a current publication.
08:30 — Reference to the “second Gulf war,” a recent historical event that frames the discussion of dispensationalist influence on U.S. foreign policy.
20:47 — Person 78 says his new book “God’s Homecoming” is expected to be published “next spring,” indicating a future release date.
40:05 — Wright mentions being in his mid‑60s at the time he reduced travel, a relative‑age reference.
42:51 — Wright states ""For the last decade, we've been doing our best to help students discover what can happen when you start to engage the world of theology,"" indicating a ten‑year period of activity.
52:01 — A participant says his father died ""10 years ago now,"" providing a relative‑date reference."
HD-P250624R-101107,,Matt Krause; Lori Krause; Laurie; Person 1399,C.J. Orndorff; Burl Kane; Dr. Byron Johnson; Superintendent Mark McClure; Person 1395 (Commissioner); Person 1394 (Department of Corrections official); Person 1072 (program organizer/advocate),"Matt and Lori Krause discuss how a faith‑based program that combines Bible study, vocational training and inmate‑led teaching—originating at Louisiana’s Angola prison and expanded to Mississippi, Texas and dozens of states—has been linked to lower violence, reduced recidivism and smoother re‑entry, supported by longitudinal research and political backing.","The discussion opens with Matt and Lori Krause welcoming C.J. Orndorff and Dr. Burl Kane, the Mississippi Department of Corrections commissioner, to a program that frames prison reform as a faith‑based enterprise. Their first recollection centers on a 2006 visit to the Louisiana State Penitentiary, commonly known as Angola, where they observed a dramatic shift from a punitive, “mean” regime to a model that integrates evangelism, moral instruction, and vocational training. The warden, identified only as person 1072, attributes his own transformation to his mother’s influence and to the introduction of a seminary program in 1995‑96. That program launched the “Experiencing God” curriculum, a Bible‑centered course that quickly spread among the inmate population. According to the warden, the curriculum’s emphasis on personal responsibility and spiritual growth coincided with a measurable decline in violent incidents and an improvement in staff‑inmate relations. The hosts stress that spiritual guidance alone is insufficient; they argue that practical work experience and a modest wage teach inmates the intrinsic value of labor and prepare them for re‑entry into society. Moving beyond the anecdote, the conversation from 20:07 to 37:18 expands the focus to systematic initiatives that prioritize concrete job skills over generic “soft‑skill” training. The panelists describe a model in which inmates who have mastered a trade become teachers for their peers, thereby scaling instruction without overburdening the prison staff. They cite successes at both Angola and several Mississippi facilities, noting that the presence of skilled labor programs correlates with safer prison environments and smoother community reintegration. A notable off‑shoot of this approach is the creation of a certified hospice within the prison system, which provides end‑of‑life care for inmates and demonstrates the broader humanitarian impact of the model. The speakers repeatedly stress the importance of saying “yes” to innovative programs, even when institutional inertia or skepticism threatens to block progress. The third segment, covering 37:24 to 53:17, traces the evolution of a long‑running research initiative that began at Angola and has been replicated in multiple jurisdictions. After the initial success in Louisiana, a partnership between a Texas seminary and Baylor University extended the model into the Texas prison system. Dr. Byron Johnson’s longitudinal studies, funded privately for five years, provide the empirical backbone for the program’s claims. The research tracks recidivism rates, incidents of violence, and post‑release employment, reporting reductions across all metrics. Political backing from Texas leaders—including Senator and Lieutenant Governor Dan Patrick and Senator Whitmire—has helped secure resources and legislative goodwill. The program, described as a seminary or Bible‑based moral‑rehabilitation model, now operates in approximately twenty‑eight states, with plans for further expansion. Current filming efforts aim to produce a global documentary that will showcase the model’s outcomes and attract additional support. Throughout this segment, officials such as the commissioner, Superintendent Mark McClure, and field ministers underscore that strong internal leadership and a culture of initiative are essential for sustaining the reforms. In the final portion, from 53:25 to 57:58, the dialogue turns personal as the participants reflect on their ministry work within correctional","04:58 — Reference to the year 2006 when the hosts visited Angola Prison.
13:39 — Mention of the year 1996 when a seminary program began at the prison.
13:41 — Mention of the year 1995 when the speaker arrived at the prison.
05:15 — Reference to “21 years later,” indicating a span of 21 years from an earlier point (the original visit to Angola).
37:27 — Reference to the research program extending into 2025 and beyond.
38:25 — Mention of a five‑year research project funded by private donors.
40:42 — Speaker notes having been involved in the work for about 35 years.
45:36 — Reference to the speaker’s tenure with the Department of Corrections since 1998.
45:53 — Reference to field ministers being trained since 2004.","05:15 — The “21 years later” remark is a relative‑date reference that will become outdated as time passes.
39:56 — Speaker says “this very morning” they spoke with contacts in North Dakota, indicating a current outreach effort.
40:03 — Statement “today we’re out here at Mississippi State Penitentiary,” marking the day of filming/recording.
43:00 — Prediction that “the next couple of years are going to be phenomenal” for producing results and impact.
44:31 — Call for other states to look to Mississippi as a model, implying an upcoming push for policy adoption.
45:08 — Plan to publish findings in major journals and release a film for public viewing, indicating forthcoming releases."
HD-P250623R-094913,,Matt Crouch,Dr. Martin Trench; Dr. Harold Everly,"Matt Crouch and Dr. Martin Trench argue that the Kingdom of God is a present, transformative reality within individuals—illustrated by yeast, seed, and leaven metaphors—and that its influence should be lived out in every vocation, embodying righteousness, peace, joy, and power rather than being confined to a future, external institution.","Matt Crouch and Dr. Martin Trench open their extended dialogue by insisting that the Kingdom of God cannot be reduced to a geographic or political entity. Rather, they describe it as “a transformative counsel of God that works invisibly within individuals,” a definition that frames the entire conversation. Using the biblical images of yeast, seed, and leaven, they argue that the Kingdom is already at work, fermenting the hearts of believers and producing visible fruit—righteousness, peace, joy, and power—in every sphere of life. The metaphor of yeast, they note, illustrates how a small, hidden presence can permeate an entire loaf; the seed metaphor stresses that the Kingdom is planted and must be nurtured before it yields a harvest; and leaven underscores the idea that the Kingdom’s influence expands outward, altering the surrounding culture. By grounding the Kingdom in these organic images, the speakers reject any notion that it is a future, external structure awaiting a final, apocalyptic inauguration. The discussion quickly moves from theological definition to practical implication. Crouch and Trench contend that the Kingdom’s presence is not limited to church walls but is expressed through everyday vocations. A chef who prepares food with love, a soldier who protects with integrity, a politician who legislates with compassion, and a teacher who models humility—all become conduits of Kingdom values. This “every‑vocation” approach challenges the dominant “future‑only” eschatology that confines the Kingdom to a later, heavenly realm. The hosts contrast their view with theological traditions that locate the Kingdom solely in a future eschaton or in external institutions, arguing that such perspectives diminish the present, transformative power of the Gospel. Transitioning to the second segment, the conversation deepens into what the speakers label a “victorious eschatology.” Here, the reign of Jesus is understood as already manifest in the lives of believers, producing tangible outcomes in counseling, worship, business, and politics. They cite 1 John 2:27, which speaks of an anointing that remains in believers, and the Sermon on the Mount (Matthew 5‑7), which outlines the ethical standards of the Kingdom. Historical theologians who embraced a victorious view are invoked, though not named, to demonstrate that this perspective has a robust intellectual pedigree. The hosts stress that the Kingdom’s expression is measured not by legalistic rule‑making but by the lived reality of righteousness, peace, and joy. A concrete illustration of this principle appears when they reference a 2025 Texas law concerning the prohibition of Sharia. Rather than celebrating the statute as a legislative victory, they argue that true Kingdom advancement depends on heart transformation, not on the enactment of statutes. The law becomes a case study for the tension between external legislation and internal renewal. They further discuss the urgency versus process dilemma: believers may feel pressed to accelerate the Kingdom’s arrival, yet the Kingdom’s growth follows a divine timetable that respects both immediate action and long‑term development. The third portion of the dialogue returns to the victorious eschatology but refines it with a historical‑theological lens. The speakers describe Jesus’ end‑times teachings as","32:44 — Reference to a Texas law passed in the year 2025 concerning Sharia law.
36:42 — Mention of the year 1948 in relation to the speaker’s background in dispensationalism.
37:15 — Reference to the year 2025 and beyond as a future period.
38:00 — Reference to the year 1985 when the speaker’s father (Paul Crouch) would have spoken.
44:16 — Reference to “the last 2,000 years” of kingdom advancement.
55:51 — Reference to the destruction of Jerusalem in 70 AD as the fulfillment of war and rumors of war prophecies.
47:30 — Reference to the year 1948 as the start of a new story after the old covenant ended.","16:10 — Reference to the future consummation of the Kingdom when Jesus returns, indicating a future event.
14:34 — Statement that the Kingdom is present now (“here now”) and not only future, a relative-time claim.
15:35 — Mention that the Kingdom begins at new birth/conversion, a personal, present‑time reference.
32:44 — Claim that a Texas law was enacted in 2025, implying a recent legislative action.
37:15 — Statement that “2025 and beyond” may bring a new unveiling, indicating a future expectation.
38:33 — Comment that “the Lord might be back tomorrow,” presenting an imminent eschatological claim.
39:31 — Reference to the Lord’s imminent return, making the discussion time‑sensitive.
44:24 — Claim that the kingdom will continue to advance until Jesus returns, implying a future event with no specified date.
44:32 — Statement that when Jesus returns, the only remaining enemy will be death.
50:23 — Assertion that the final judgment for individuals will occur at death, not at the second coming.
55:32 — Indication that believers are currently living in the “three parables” period, a present era distinct from past prophetic fulfillment.
55:48 — Reference to “destruction and rumors of war” as events that occurred in 70 AD, framing them as past rather than future."
HD-P250610R-184631,,Matt Crouch; Laurie Crouch,Kyle Eidelman; Person 1391; Person 1163,"The episode blends biblical teaching, personal testimony, and neuroscience to present a three‑step method for “taking every thought captive”—identifying false thoughts, confessing truth, and replacing them with Scripture‑based affirmations—while highlighting the role of confession, daily spiritual habits, and exposure principles in overcoming anxiety.","The conversation opens with a sustained, hour‑long dialogue that weaves together biblical doctrine, personal testimony, and contemporary neuroscience to explore what the participants call “taking every thought captive.” The first segment, spanning roughly from 1:35 to 19:15, establishes the theological premise: believers are called to monitor and transform their inner dialogue in light of Scripture. Pastor 1391, who later is identified as Kyle Eidelman, confesses a recurring mental refrain—“I can’t ask for help”—and demonstrates a three‑step method for dismantling it. First, he urges listeners to interrogate the thought, exposing its false premises; second, he recommends a confession that reframes the narrative, invoking the Holy Spirit’s truth; third, he suggests a cognitive repatterning technique that replaces the old mantra with a scripturally grounded affirmation. This approach mirrors the biblical injunction in Romans 12:2 to “not be conformed to this world, but be transformed by the renewal of your mind,” while also echoing modern concepts of cognitive reappraisal and exposure therapy. Kyle’s personal anecdote is amplified by the co‑hosts, Matt Crouch and Laurie Crouch, who contextualize the practice within the church’s historical neglect of mental‑health concerns. They note that for generations many congregations dismissed anxiety, depression, or trauma as merely spiritual deficits, urging believers to “just pray harder.” The hosts argue that this dismissal has left a cultural vacuum where believers lack intentional tools for thought management. To counteract this, they propose concrete habits: beginning each day with a focused spiritual routine, limiting screen time that fragments attention, and deliberately aligning one’s mental landscape with passages such as Philippians 4:8, which exhorts believers to dwell on whatever is true, noble, right, pure, lovely, and admirable. The segment also introduces the “law of exposure,” a neuroscientific principle that repeated, safe confrontation with feared stimuli reduces anxiety—a principle the hosts suggest can be applied spiritually by repeatedly meditating on God’s promises. The second block, from 19:28 to 38:22, shifts to a more intimate narrative of anxiety. A participant identified as Person 1163 recounts a personal history that began in the late 1990s, describing vivid, intrusive fears that manifested as physical tension and sleeplessness. The participant describes how prayer initially felt like a ritual without relief, until a turning point arrived when they confessed their struggles to trusted friends. This confession, they report, broke the isolation that had amplified the anxiety, allowing the community’s support and Scripture to act as a balm. Matt Crouch interjects, emphasizing that confession is not merely a theological act but a neuro‑psychological one: it externalizes internal rumination, thereby reducing the brain’s default‑mode network activity that fuels rumination. Kyle, now explicitly identified as the author of the forthcoming book *Every Thought Captive*, expands on the theological scaffolding for this process. He cites Romans 12:2 again, linking it to the concept of “strongholds” in 2 Corinthians 5:17, where the believer’s identity in Christ is meant to displace entrenched patterns of self‑defeat. He explains that speaking Scripture aloud—what he terms “verbal proclamation”—creates a neuro‑chemical shift, releasing oxytocin and dopamine that reinforce new, healthier","10:25 — Reference to the year 1948 as the time when Matt Crouch’s father would have heard certain teachings.
10:33 — Reference to the year 1988 as the expected date when a previous generation thought the world would end.
13:12 — Mention of “the first few years of marriage” and that the speakers are “coming up on 30 years of the summer,” indicating a 30‑year marriage anniversary.
10:05 — Matt Crouch says “when I was a teenager,” a personal age‑related reference.
20:58 — Reference to ""back in the late 1990s"" describing when the speaker first experienced anxiety.
24:04 — Mention of a marriage lasting ""55 years"".
28:23 — Speaker notes being ""about 16 or 17 years old"" when Edgar Bethany died.
30:26 — Reference to a conversation that occurred ""two weeks before he died"" (referring to the speaker's father).
39:41 — Reference to “five or six years ago” describing a shift in personal mindset.
47:05 — Reference to “41 or 42 years” ago when the speaker received counseling advice.
47:14 — Mention of “41‑year‑old advice” from a national figure.","13:12 — The 30‑year marriage milestone is a future/approaching event for the speaker, making the statement time‑sensitive.
10:33 — The 1988 “end‑times” expectation is presented as a past deadline that did not occur, highlighting a historical belief that is no longer current.
20:58 — The ""late 1990s"" reference situates the onset of anxiety in a past decade, making the claim historically bounded.
24:04 — The ""55 years"" marriage length is a relative measure that will change over time.
28:23 — Age reference (""16 or 17 years old"") is a personal, time‑bound detail.
30:26 — The ""two weeks before he died"" remark is a relative‑date reference tied to the father's death.
39:41 — The “five or six years ago” remark is a relative‑date claim that may become less relevant as time passes.
47:05 — The “41 or 42 years” reference situates the anecdote in the past and could affect listeners’ perception of its current relevance.
47:14 — The “41‑year‑old advice” is a historical reference that may lose impact for future audiences."
HD-P250603-174604,,Matt Crouch,Levi Lusko; Person 447 (Levi Lusko); Joel Osteen; Person 447,"Matt Crouch interviews pastor Levi Lusko about his mid‑life crisis and how his faith, therapy, and practices like Sabbath rest helped transform personal spiraling—shaped by trauma, panic attacks, and career shifts—into purposeful ministry, exemplified by Fresh Life Church’s new women’s prison outreach, and his book *Blessed Are the Spiraling* offers a theological framework for finding peace and purpose in disorienting seasons.","The conversation opens with Matt Crouch setting a tone of disorientation that accompanies the “new and complex seasons” of adult life. He invites Pastor Levi Lusko, author of the recently released book *Blessed Are the Spiraling*, to explain how faith can become a source of peace and purpose when the familiar structures of career, family, and personal identity begin to shift. Lusko immediately frames his own experience as a case study: at age thirty‑eight he entered a mid‑life crisis that felt like a spiral pulling him away from the forward‑moving narrative he had cultivated. He recounts the early years of his marriage, which had lasted twenty‑one years at the time of the interview, and the founding of Fresh Life Church nineteen years earlier. The church’s recent expansion to a women’s prison in Salt Lake City—opened on Mother’s Day—serves as a concrete illustration of how “spiraling” can be redirected into ministry that meets people in their most vulnerable moments. Lusko also reveals a formative trauma: his parents’ divorce when he was fourteen, an event that left a lingering sense of instability and contributed to the later panic attacks he would experience. From the 18‑minute mark onward, Lusko delves deeper into the physiological and psychological dimensions of his crisis. He describes sudden panic attacks that arrived without warning, a symptom he traces to accumulated trauma, the natural anxieties of aging, and a cultural pressure to maintain a performance‑driven identity. The conversation shifts from narrative to diagnosis as Lusko explains how he turned to multiple sources of help: his wife’s steady presence, a medical doctor who ruled out physical illness, a counselor who introduced him to therapeutic techniques, and his Christian community that offered prayer and accountability. A pivotal insight emerges when Lusko describes the restorative power of Sabbath rest and intentional breath work. He likens the nervous system’s need for reset to a computer reboot, suggesting that disciplined periods of stillness can dissolve the “freeze‑frame” moments that freeze spiritual momentum. Matt Crouf guides the dialogue toward a theological reorientation. Rather than defining success by measurable achievements, Lusko proposes a “doxological focus” that seeks to glorify God in every circumstance. He employs biblical metaphors—citing the Beatitudes and even a playful reference to Yoda—to illustrate how disorienting seasons can become stepping‑stones toward deeper grace. Joel Osteen interjects at several points, offering promotional remarks that position Lusko’s book as a roadmap for anyone feeling caught in a spiral. Osteen’s contributions, while brief, reinforce the central claim that spiraling is not a sign of failure but a divinely designed pattern. The third segment, spanning minutes thirty‑five to fifty‑two, expands the discussion from personal testimony to communal experience. Lusko shares vivid accounts of near‑death encounters and profound loss, emphasizing that each episode forced him to rely more fully on Jesus. He introduces the concept of the “spiral” as a recurring motif in creation and suffering—a pattern that moves outward and inward, never truly linear, reflecting the way God’s grace operates in the world. Participants—including a speaker identified","14:20 — Levi says they started a church 19 years ago ""this next January"" (refers to an upcoming January).
14:33 — Levi notes the new prison‑based campus opened on Mother’s Day.","14:20 — Reference to ""this next January"" is a future calendar month relative to the recording date.
14:33 — Reference to opening the campus on Mother’s Day ties the event to a specific annual holiday.
14:20 — Mention of a 21‑year marriage and a church founded 19 years ago provides relative‑date context that will change over time.
17:55 — Levi describes his mother becoming emotionally unavailable when he was 14, a personal historical reference that may be relevant for biographical timelines.
18:26 — Reference to a “midlife season” indicating a current life stage.
20:40 — Mentions having started preaching at age 20, highlighting an early career timeline.
21:00 — Questions about identity at ages 60 and 70, a future‑oriented age reference.
21:05 — Analogy to a college athlete hanging up their jersey, a metaphor for career transition.
21:17 — Notes an “18‑month” journey through the mid‑life crisis.
28:15 — Discussion of “aging” and fear of losing value when productivity declines.
34:51 — Quote attributed to Malcolm Muggeridge about never growing in an easy season, referencing a lifetime of 75 years.
36:20 — Reference to “a couple of days later” after the person’s death, indicating a short‑term future event.
43:07 — Mention of “last year” regarding the speaker’s father going to be with Jesus.
46:45 — Reference to “18 months of counseling,” indicating a specific past duration."
HD-P250527-113308,,Joyce Meyer; Matt Crouch; Lori Crouch; Pastor Ed,Ed Young Sr.; Person 639; Person 311; Benjamin Netanyahu; Wayne DeHoney,"A May 2025 TBN “Praise” broadcast filmed in Jerusalem promotes a Thanksgiving pilgrimage to Israel (Nov 21‑30, 2025) featuring hosts Joyce Meyer, Matt and Lori Crouch and former SBC president Ed Young Sr., highlighting personal testimonies, a new 300‑room “David’s Harp Hotel” near Capernaum, and a itinerary that includes the Mount of Beatitudes, the Garden Tomb and other biblical sites.","The broadcast captured between one minute and thirty seconds and twenty minutes five seconds is a promotional segment of Trinity Broadcasting Network’s “Praise” program, recorded on location in Jerusalem during May 2025. The segment opens with the program’s regular hosts—Joyce Meyer, Matt Crouch and Lori Crouch—who together introduce former Southern Baptist Convention president Ed Young Sr. Their purpose is to announce a “Comeback Tour” that will take viewers to Israel for a Thanksgiving‑time pilgrimage scheduled for November 21‑30, 2025. The tour is framed as a celebration of Israel’s 77th birthday, aligning the national anniversary with the Christian holiday of Thanksgiving. Throughout the opening portion, a series of speakers—each offering brief personal testimonies—describe encounters that underscore the spiritual potency of the Holy Land. One speaker recounts a poignant encounter with dogs in Gaza, using the image to illustrate compassion amid conflict. Another shares a pilgrimage experience that culminated in a baptism in the Jordan River, emphasizing the transformative effect of physically entering the biblical landscape. A third speaker reflects on family experiences in Israel, noting how the setting deepens familial faith and creates lasting memories. Collectively, these narratives serve to position the upcoming tour as more than a travel package; they present it as a conduit for personal renewal and communal worship. From twenty minutes twenty‑three seconds to thirty‑nine minutes five seconds, the focus narrows to a detailed promotion of the Thanksgiving pilgrimage, with Matt Crouch taking the lead. He introduces the newly constructed David’s Harp Hotel, described as a combined television studio and hotel complex situated near Capernaum on the Sea of Galilee. The hotel, which will house three hundred rooms, is presented as the logistical hub for the tour, offering participants both accommodation and a venue for worship services. Crouch outlines the itinerary, noting that the group will travel together, share meals, and participate in worship at key biblical sites. He enumerates several historic locations that will be visited: the Mount of Beatitudes, where Jesus delivered the Sermon on the Mount; the Garden Tomb, traditionally identified as the burial place of Jesus; and Capernaum itself, the town where Jesus performed many miracles. The schedule is positioned as a “once‑in‑a‑lifetime” opportunity to literally walk the steps of Christ. Throughout this segment, guest speakers—identified only by numeric tags—interject with personal reflections on the spiritual impact of visiting the Holy Land, reinforcing the tour’s promise of deepened faith. They also provide additional details about the hotel’s construction, underscoring its modern amenities and its role as a state‑of‑the‑art facility designed to support large‑scale pilgrimages. The final portion, spanning thirty‑nine minutes eleven seconds to fifty‑four minutes fifty‑nine seconds, expands the discussion to a broader view of Christian pilgrimage sites across Israel and the ongoing development of tourism infrastructure. Matt Crouch leads a round‑table conversation that highlights the significance of the new 300‑room hotel in Capernaum as part of a larger effort to accommodate increasing numbers of pilgrims. Guests contribute observations that blend historical insight with contemporary experience. One participant remarks on the modern amenities","03:54 — Reference to the year 2025 (Jerusalem, Israel 2025).
04:35 — Specific dates: November 21 through 30, 2025.
26:12 — Tour dates: November 21 through 30 (Thanksgiving period).
33:07 — Tour year referenced as 2025.
33:14 — Tour year referenced as 2025.
36:34 — Tour year referenced as 2025.
36:42 — Reference to the year 2025 (""here in 2025"").
37:53 — Parents began bringing tours in 1975.
26:17 — Reference to Thanksgiving (relative date).
41:16 — First visit to Israel in 1965 (pre‑Six‑Day War).
41:31 — Reference to the period before the Six‑Day War (1967).
41:36 — Reference to the year 1948 (establishment of the State of Israel).
48:59 — Mention of being married 40 years (the couple’s marriage began circa 1985).
49:18 — Invitation to a tour in November 2025.
54:43 — Announcement of celebrating Israel’s 77th birthday in May 2025.
54:51 — Tour dates: November 21 through 30 (2025).
53:58 — Reference to a “fateful day in October” (likely October 2023).","26:12 — Upcoming tour (Nov 21‑30, 2025) – call to action for registration; deadline implied before the tour dates.
26:17 — Reference to Thanksgiving as the time frame for the tour, indicating a seasonal promotional window.
33:07 — Mention that the 2025 tour will include staying at the newly completed David’s Harp Hotel – information relevant only until the hotel is no longer “new.”
36:34 — Call to action to join the 2025 tour via tbn.org/israel – time‑sensitive promotional content.
49:18 — Upcoming tour scheduled for November 2025 (November 21‑30).
54:43 — Invitation to events beginning May 2025 for Israel’s 77th anniversary.
51:58 — Recent Gaza incident described as occurring “three weeks ago” (relative to the recording date).
52:04 — Reference to a dog rescue event that happened “last month” (relative to the recording date).
48:59 — Statement that the hosts have been married 40 years “this year,” indicating the recording year is 2025."
HD-P250515-171143,,Matt Crouch,Dudley; Mike; Dave; Person 73; Person 82; Mike (identified as SPEAKER_04); SPEAKER_04; Mike David,"A round‑table hosted by Matt Crouch examines how a generation of evangelical leaders, recalling the 1970s‑80s hype around Hal Lindsey’s *Late Great Planet Earth*, moved from date‑setting end‑times panic to a scholarly view that biblical prophecies like Matthew 24 and Revelation refer to first‑century events rather than future apocalyptic predictions.","The round‑table that opens at one‑thirty and runs until twenty‑one minutes past the hour is a vivid portrait of how a particular generation of evangelical leaders has wrestled with the question of when and how the biblical “end times” will unfold. Hosted by Matt Crouch, the discussion brings together a small but diverse group—Dudley, Mike, Dave, and several unnamed participants whose contributions are marked only by placeholder labels. Their conversation is anchored in personal memory, theological critique, and a shared urgency that is repeatedly signaled by phrases such as “call tonight” and “the door’s about to close.” The participants begin by recalling the cultural and ecclesial climate of the 1970s and 1980s, a period when the book *Late Great Planet Earth* by Hal Lindsey dominated the imagination of many American Christians. They describe how that text, with its vivid charts and date‑setting speculation, turned eschatology into a kind of pop‑culture obsession, prompting church‑goers to line up for nightly prayer services and to watch the news for signs of the “rapture” or the “tribulation.” From this starting point the speakers move quickly to a critique of the dispensational‑futurist framework that undergirds Lindsey’s work. Dudley points out that the same “signs” that were once interpreted as heralds of an imminent apocalypse—such as the rise of Israel as a nation in 1948, the Six‑Day War of 1967, and the oil crises of the 1970s—have been re‑interpreted over and over, each time pushing the expected date further into the future. Mike adds that the pattern of setting dates, seeing them fail, and then re‑branding the failure as “spiritual preparation” has become a commercial enterprise, with books, seminars, and television programs profiting from the anxiety that the “door” to salvation is about to shut. Dave, recalling his own experience in a 1985 youth conference, describes how the promise of a “coming judgment” was used to drive attendance, only to leave many participants disillusioned when the predicted cataclysm never arrived. The conversation then shifts, at twenty‑one minutes past the hour, to a more scholarly exegesis of the biblical texts most often cited in end‑times preaching. The speakers argue that Matthew 24 and the bulk of Revelation are best understood as first‑century documents describing the destruction of Jerusalem in 70 AD, rather than as a blueprint for a future, global cataclysm. They cite the historical record of the early Christian community’s flight to Pella, a town in the Decapolis, as evidence that the “great tribulation” was a localized event that took place within the Roman Empire’s own timeline. The group contends that the language of “the abomination of desolation,” “the signs in the heavens,” and “the coming of the Son of Man” were, for the original audience, immediate concerns about Roman oppression and the collapse of the Temple, not predictions about a millennial kingdom to be inaugurated in the twenty‑first century. Having established this historical reading, the participants turn to the phenomenon of failed date‑setting. They reference specific years that were widely advertised as the moment of","03:44 — Reference to the year 2025 as a future setting.
03:44 — Reference to the year 1985 as a past point to “go back to”.
04:17 — Mention of the “70s decade” as a cultural period.
04:40 — Reference to “70 AD”, the end of the first covenant.
12:08 — Reference to John Darby in the 1830s as the origin of dispensational theology.
13:01 — Speaker born in 1959; mentions years 1968‑1970 during the hippie/sexual revolution era.
17:20 — Reference to a book published in 1921 by Amy Simple McPherson.
17:47 — Reiteration that the year being discussed is 1921.
22:40 — Reference to the destruction of Jerusalem in 70 AD and the Christian escape to Pella.
24:12 — Mention of the year 1948 as a proposed “first domino” for end‑times interpretation.
28:19 — Reference to the “fig tree budding” sign, linked to a 1988 prediction.
29:19 — Discussion of the 1988/1989 “88 reasons” predictions and subsequent adjustment to 1989.
31:11 — Mention of 1987‑1988 when TBN owned the maximum number of TV stations allowed.
33:13 — Reference to the “blood moon” phenomenon that was promoted as a sign of the end about five or six years ago (relative to the recording date).
36:31 — Statement that there have been more than 200 specific predictions of Christ’s return over the past 20 centuries.
36:56 — Mention of predictions made as recently as 100 years ago by wealthy individuals.
37:44 — Story of an author who first predicted Jesus would return in 1988, then revised to 1989 after a mis‑calculation.
21:12 — Speaker notes his 75th birthday (no calendar year given).","02:06 — Urgent invitation: “call tonight” and “the door’s about to close,” implying a deadline for immediate action.
02:06 — Reference to “the Russians are marching” and “the Antichrist’s alive somewhere,” presented as current imminent threats.
02:11 — Statement that the kingdom invitation is available “tonight,” indicating a time‑bound opportunity.
24:12 — Implication that the “generation” spoken of in Matthew 24 refers to the first‑century generation, not a future generation, affecting how listeners view current events.
28:19 — Claim that wars, famines, and earthquakes are not the sign of Christ’s return; the sign is an army surrounding Jerusalem, a specific future event.
33:13 — Urgent appeal that the “blood moon” predictions created a false sense of imminent end‑times, influencing personal financial and family planning.
39:56 — Invitation that “the door’s about to close” for salvation, creating a time‑sensitive call to action.
40:02 — Prompt to call “tonight” to be “gotten into the kingdom,” presenting an immediate deadline.
41:38 — Reference to an event that occurred ""two years ago"" when the speaker first visited the island of Patmos.
47:32 — Mention that the speakers have been doing this work for ""52 years now""."
HD-P250506R2-150724,,Matt Crouch; Laurie Crouch,Mike Huckabee; Donald Trump; Person 816,"Mike Huckabee arrived in Jerusalem on May 6 2025 as the new U.S. ambassador to Israel and, in his first televised interview, outlined a diplomatic agenda that blends security priorities—such as securing hostages, countering Iran‑aligned militias, and expanding the Abraham Accords—with a personal, faith‑based emphasis on Jerusalem’s religious symbolism, exemplified by placing a White House‑drafted prayer at the Western Wall.","Mike Huckabee arrived in Jerusalem on May 6 2025 as the newly appointed United States ambassador to Israel, and his first public interview captured a blend of diplomatic agenda, personal devotion, and theological framing that would shape his tenure. The conversation, conducted by Matt Crouch and his wife Laurie for a Jerusalem‑based broadcast, unfolded in three contiguous segments that together reveal the contours of Huck‑Huck’s early diplomatic posture, the symbolic weight he placed on the city, and the security calculus that dominated his opening priorities. In the opening segment, which runs from the minute‑and‑half mark to the twentieth minute, Huckabee explains that his inaugural official act was to place the President’s prayer at the Western Wall. He describes the act as both a diplomatic gesture and a spiritual offering, noting that the prayer was drafted by the White House and reflects the administration’s commitment to Israel’s security and to the Judeo‑Christian heritage that undergirds U.S. foreign policy. The Western Wall, he says, “is the heart of Jerusalem, the heart of the covenant, and the place where we can lay a tangible sign of American solidarity.” By situating the prayer at this ancient site, Huckabee signals that his ambassadorship will be anchored in the city’s religious symbolism as well as its political realities. Huckabee then turns to the immediate security environment. He references a missile incident that occurred just days earlier near Ben Gurion Airport, describing it as a “clear reminder that Iran‑aligned militias remain a lethal threat to Israeli civilians and to the stability of the region.” He outlines a four‑point agenda: securing the release of American hostages still held in Gaza, working toward an end to the Gaza war, confronting Iran’s proxy network, and expanding the Abraham Accords to bring additional Arab states into a security framework that counters Tehran. The host, Matt Crouch, interjects with a brief recollection of the 2018 U.S. embassy move from Tel Aviv to Jerusalem, underscoring how that historic decision reshaped diplomatic geography and set a precedent for the kind of bold symbolism Huckabee now embraces. The second segment, from twenty‑four minutes to thirty‑seven minutes, deepens the personal dimension of Huckabee’s mission. He recounts a phone call from former President Donald Trump, who offered him the ambassadorship and framed it as a “calling” rather than a career post. Huckabee describes his lifelong connection to the Holy Land, tracing it back to family pilgrimages in the 1970s and his own youth ministry work that brought him to Israel repeatedly. He emphasizes that for American Christians, Israel is not merely a geopolitical ally but a “living Bible,” a place where the narratives of faith are physically present. This theological lens informs his diplomatic style; he argues that the United States’ support for Israel is rooted in shared values as much as in strategic interests. Huckabee also highlights his collaborative work with the International Fellowship of Christians and Jews, an organization that provides humanitarian aid to both Jewish and Christian communities in the region. He cites specific","04:12 — Matt Crouch states the recording date as May 6th, 2025.
09:51 — Reference to a missile that landed a few meters short of the terminal at Ben Gurion Airport (incident occurred on the day of recording, May 6th, 2025).
09:13 — Matt Crouch repeats the date May 6th, 2025 while noting the current month (May 2025).
20:37 — First visited Israel in 1973 at age 17.
23:46 — Reference to May 6th, 25 (interpreted as May 6 2025).
36:09 — Explicit statement: ""It's a beautiful day here, May 6th, 2025.""
23:03 — Mention of winning the Iowa caucus in 2008.","14:40 — Huckabee’s agenda to secure American hostages, end the Gaza war, and address the Iran threat – time‑sensitive political and humanitarian goals.
09:38 — Description of a missile that penetrated defenses and landed near Ben Gurion Airport, indicating an immediate security threat.
16:01 — Statement that the embassy is operating in an active war environment with ongoing missile threats, implying current and ongoing risk.
16:28 — Mention of “hostages” and “missiles flying into this country,” highlighting urgent, time‑sensitive concerns.
28:10 — Huckabee says ""30 minutes later"" the news broke on Fox News.
30:06 — Reference to ""a hundred and twenty‑five calls later"" indicating a rapid response timeline.
35:48 — Mention of learning more in the ""coming days and weeks"".
36:05 — Use of the word ""today"" to describe the present moment in Jerusalem.
40:50 — Huckabee references ""For 46 years"" the Iranian regime has threatened Israel and the United States.
41:22 — Huckabee mentions ""last week"" when the president was on his way to the funeral of the pope, indicating a recent event.
42:12 — Speaker notes ""last handful of years"" that 200–300 Iranians have joined their church, a recent time‑frame.
45:17 — Matt Crouch references ""Seven years"" in relation to a count of 300‑something, a relative‑date claim.
49:32 — Matt Crouch says ""back to 2010"" to contrast past and present, a specific calendar year reference."
HD-P250429R4-141946,,Matt Crouch; Lori Crouch; Joel Osteen,Tim Timberlake; Person 1384; Person 1383; Person 1163,"The segment previews a Praise broadcast featuring Joel Osteen and the Crouch family, then follows Person 1384’s testimony about growing up with a minister father who died of throat cancer, his teenage rebellion and doubts, and how his father’s final words inspired him to continue a multigenerational legacy of faith and service, with brief reflections from Persons 1383 and 1163 reinforcing the theme of lived, communal worship.","The program opens with a preview of the upcoming Praise broadcast, framed by the familiar voices of Joel Osteen, Matt Crouch, and Lori Crouch. Matt Crouch immediately situates the segment within the broader history of the Crouch and Timberlake families, noting the lineage of ministry that has shaped the Trinity Broadcasting Network’s Praise schedule. He references the long‑standing partnership between the families, underscoring how each generation has contributed to the network’s mission to bring worship into homes across the nation. The central focus of the interview is Person 1384, a man whose testimony is presented as a case study of faith wrestled through suffering. He begins by invoking John 1:45, the passage that introduces Nathaniel as a skeptical yet honest seeker, and uses that narrative as a lens for his own experience. At twelve years old he learned that his father had been diagnosed with stage‑four throat cancer. The diagnosis arrived not merely as a medical crisis but as a crucible that tested the family’s ministry involvement. The father, a devoted preacher, continued to lead worship and preach even as his health declined, modeling a perseverance that would later become a benchmark for the son. Person 1384 recounts a period of rebellion during his teenage years, describing how the weight of expectation and the visibility of his parents’ ministry created a tension between personal desire and communal responsibility. He admits to drifting away from the church, to questioning the efficacy of prayer, and to feeling the “darkness of doubt” that often follows prolonged exposure to suffering. Yet, he emphasizes that the memory of his father’s unwavering faith—especially a conversation they shared shortly before the father’s death—served as a turning point. The father’s final words, spoken in hospice, urged his son to “honor the son you have become by living for Jesus, not just with Jesus,” a phrase that would echo throughout the interview. The conversation expands as Persons 1383 and 1163 interject brief reflections. Person 1383 speaks of redemption as a personal responsibility, noting that love must be expressed through action at the altar, while Person 1163 shares a concise prayer experience that underscores the power of intercession in moments of crisis. Their contributions, though short, reinforce the central theme that faith is lived out in community and ritual. From 18:35 to 35:54 the dialogue deepens. Person 1384 revisits the pivotal conversation with his father, describing how the memory of that exchange has guided his own ministry since his father’s death in 2002. He explains that the loss forced him to confront the paradox of grief and gratitude, leading him to a renewed commitment to honor his father’s legacy by serving others. He also mentions his own son, expressing a desire to “honor my son” in the same way his father honored him, thereby creating a generational chain of devotion. Person 1383 then offers theological insight, speaking of love as the “greatest altar” and urging listeners to view repentance not as a punitive act but as a restorative process that","21:34 — Mentions his father died ""a good 13, 14 years ago now"" (relative to the recording).
33:27 — States that his father passed in 2002.
33:15 — References ""since 93 praise programs"" indicating the year 1993.
31:33 — Says ""I was born in the eighties,"" referring to the 1980s decade.
28:09 — Mentions ""30 years ago"" when Tim and Brenda were doing the same thing.
36:25 — Reference to “one o’clock in the morning” when the guest woke up.
37:00 — Reference to “3 o’clock in the morning” when the guest called his mom.
40:19 — Mention that the guest’s mother had a massive stroke and died within “three or four days.”
50:19 — Broadcast time announced: “Sundays at 5.30 PM Eastern time.”
51:14 — Promotional line: “Join Pastor Tim Timberlake every Sunday at 5.30 p.m. Eastern on TVN.”
52:04 — Reminder: “Don’t miss Tim Timberlake, Sundays at 5.30 p.m. Eastern, only on TBN and TBN+.”
53:15 — Tim Timberlake Sunday's at 5:30","03:08 — Regular Praise program airs on Sundays at 5:30 p.m. on TBN
01:31 — Reference to “the last 21 years of pastoring” indicating a duration
07:20 — Matt Crouch remarks about the speaker’s struggle with doubt
01:31 — Father diagnosed with stage‑four throat cancer when the speaker was 12 years old
01:31 — Speaker’s 18th birthday conversation with his father lasting five hours, ending with the father’s death early the next morning (2 a.m.)
01:31 — Speaker discovers his father has passed away; reflects on the significance of that moment
21:34 — Relative‑date claim that his father's death occurred 13–14 years prior to the recording, which will become less current as time passes.
33:27 — Specific past event (father's death in 2002) that may be relevant for biographical timelines.
33:15 — Reference to the year 1993 for the start of praise programs, useful for historical context.
31:33 — Reference to the 1980s birth decade, providing generational context.
28:09 — Reference to an event occurring ""30 years ago,"" a relative‑date that will shift over time.
50:19 — Upcoming weekly broadcast of Tim Timberlake’s program, relevant for viewers planning to watch the show.
51:14 — Call to action for viewers to tune in each Sunday at 5:30 PM Eastern; time‑sensitive promotional content.
52:04 — Reminder of the same weekly airtime, indicating a recurring future event.
53:15 — Reference to an upcoming Sunday program at 5:30, indicating a future event"
HD-P250409R-170800,,Matt Crouch; Person 1257; Mike Huckabee,Donald Trump; Benjamin Netanyahu; Peter Navarro; Gary Sinise,"A televised tribute chronicles former Arkansas governor Mike Huckabee’s appointment as the first evangelical Protestant U.S. ambassador to Israel, detailing his surprise phone call from President Trump, his faith‑driven motivations, and his upcoming diplomatic role amid the aftermath of the October 7, 2023 Hamas attack.","The televised tribute opens with a two‑hour segment that frames former Arkansas governor and political commentator Mike Huckabee’s historic appointment as the United States’ first evangelical Protestant ambassador to Israel. Hosted by Matt Crouch, the program begins with a narrated overview—delivered by a voice identified as Person 1257—of the seven‑year run of “The Huckabee Show” on the Trinity Broadcasting Network. The retrospective highlights how the show blended political commentary with Christian ministry, establishing Huckabee as a prominent evangelical voice in the public square. This background sets the stage for the central narrative: the unexpected phone call from President Donald Trump that offered Huckabee the ambassadorship, a moment presented as both a personal surprise and a fulfillment of a long‑standing religious and political ambition. The interview proceeds chronologically, first recounting the phone call itself. Huckabee describes the call as a “surprise” that arrived at a time when he was reflecting on his career in media and public service. He emphasizes that the offer aligned with his conviction that evangelical Christians should have a direct role in shaping U.S. foreign policy, especially in a region where biblical narratives intersect with contemporary geopolitics. The conversation then shifts to Huckabee’s personal motivations. He cites his faith as the primary driver, noting that his evangelical identity informs his understanding of Israel’s significance to the Judeo‑Christian tradition. He also references his experience as governor of Arkansas, where he dealt with budgetary constraints and bipartisan negotiation, arguing that those skills will translate to diplomatic work. A substantial portion of the segment is devoted to the recent escalation of violence in the Middle East. The hosts reference the October 7, 2023 Hamas attack on Israel, describing it as a “catastrophic” event that reignited the hostage crisis and intensified international scrutiny of U.S. policy toward the region. Huckabee frames the attack as a catalyst for renewed American commitment to Israel’s security, positioning his forthcoming tenure as an opportunity to reinforce the “Abraham Accords” and other initiatives launched during the Trump administration. He asserts that the accords—normalization agreements between Israel and several Arab states—demonstrated the feasibility of diplomatic breakthroughs when guided by shared strategic interests and, implicitly, by values that resonate with evangelical supporters. The program then moves to the formal swearing‑in ceremony, captured between timestamps 19:26 and 37:25. In a solemn setting, Huckabee repeats the oath of office, pledging to “support and defend the Constitution of the United States” and to “faithfully discharge the duties of the office” he is about to assume. The oath is presented not merely as a legal formality but as a theological affirmation: Huckabee links his constitutional oath to his commitment to biblical principles, suggesting that his service will be guided by both civic duty and spiritual conviction. Matt Crouch, who conducts the interview, probes Huckabee on how his media background will shape his diplomatic style. Huckabee responds that his experience in front‑of‑camera communication will aid in “clear, honest messaging” to both Israeli officials and the American public, and that his familiarity with television","08:00 — Huckabee references a personal connection to Israel dating back ""almost 52 years, back to 1973"".
10:51 — Mentions that Israel was recognized as an independent Jewish state in 1948.
11:17 — States that ""The Huckabee Show"" launched on October 7, 2017.
15:18 — Cites the 1995 passage of the Jerusalem Embassy Act by Congress.
01:59 — Notes the show’s duration as ""seven years, three months and one week"".
04:11 — Mentions Huckabee spent ""over 11 years as a pastor"" before politics.
04:16 — References three years as lieutenant governor and ""almost 11 years"" as governor of Arkansas.
04:21 — Notes Huckabee’s 2008 presidential primary candidacy.
04:34 — Mentions finishing second to John McCain in 2008 and a 2016 GOP nomination bid.
21:31 — November the 5th of 2024 – referenced as the election date when Donald J. Trump was elected president.
25:57 — 2024 – mentioned while discussing world events and timelines.
26:08 — 2024, 2023, 2025 – referenced in a broader discussion of recent and near‑future years.
26:18 — 2025 – noted as the current year in the conversation.
51:36 — Reference to the October 7th massacre in Israel.
47:01 — Mention that Gary Sinise’s son died in January of this year.
47:42 — Reference to the year 2023 when the son said he wanted to finish a piece of music.","12:00 — Huckabee discusses the October 7, 2023 Hamas attack and the ongoing hostage crisis, indicating an urgent, current humanitarian issue.
13:05 — Calls for the eradication of Hamas and rejects any cease‑fire, reflecting a time‑sensitive policy stance.
14:31 — Prioritizes the release of an American hostage (Idan Alexander) in Gaza as the ""first item of business"" for the upcoming ambassadorship.
15:00 — References President Trump’s relocation of the U.S. embassy to Jerusalem, a policy change that was recent at the time of recording.
16:14 — Advocates expanding the Abraham Accords to additional Gulf states, indicating future diplomatic initiatives.
18:57 — States that Israel “needs an ally” now, underscoring the immediacy of U.S. support.
21:31 — Reference to the November 5, 2024 election, a past event that frames the political context of the ambassador’s duties.
23:08 — Mention of “next year in Jerusalem,” indicating an upcoming event relative to the recording date.
38:44 — Claim that Peter Navarro was held in contempt of Congress and later served several months in federal prison.
45:58 — Statement that 22 military veterans commit suicide every day.
55:09 — Announcement that Mike Huckabee will become U.S. ambassador to Israel (future appointment).
57:07 — Claim that history was made as the first evangelical Protestant U.S. ambassador to Israel has been appointed."
HD-P250327-155823,,Cece Winans; Matt Crouch; Laurie Krause,Stephen Meyer; Person 592; Person 1364; Person 902,"The PRAISE network segment presents geophysicist Stephen Meyer’s critique of Darwinian evolution, arguing that DNA’s informational complexity, the Cambrian “explosions,” and other scientific findings point to intelligent design and reflect a broader cultural “God movement” gaining support among public figures and intellectuals.","The broadcast segment opens with the PRAISE network’s hosts introducing Stephen Meyer, a geophysicist whose recent appearance on the Joe Rogan podcast has thrust him into a broader cultural conversation about the resurgence of belief in God. The hosts quickly frame Meyer’s interview as evidence of a “God movement” that is gaining traction among both the public and intellectuals. They name‑check a litany of high‑profile figures—Matthew McConaughey, Piers Morgan, Tom Holland, Douglas Murray, Jordan Peterson, among others—who, according to the hosts, have all signaled a renewed openness to theistic ideas. This opening establishes the central theme of the program: a perceived reversal of the long‑standing decline in confidence in neo‑Darwinian evolution, replaced by a growing willingness to entertain intelligent‑design explanations. The hosts juxtapose this contemporary shift with historical milestones. They reference Charles Darwin’s 1859 publication of *On the Origin of Species* as the starting point of modern evolutionary thought, and they note 19th‑century advances in cell theory that laid the groundwork for molecular biology. By invoking these landmarks, the conversation suggests that the current “God movement” is not a novelty but a response to enduring tensions between scientific explanations and theological commitments. The hosts also argue that Christianity’s historical influence on concepts of human rights and dignity continues to shape modern cultural values, implying that a revival of theistic belief is compatible with progressive social ideals. At 19 minutes 56 seconds the discussion turns to a more technical critique of evolutionary mechanisms, delivered by a speaker identified as Person 592, who is later confirmed to be Stephen Meyer. He begins by describing DNA as a repository of digital information, emphasizing that the informational content of genomes cannot arise from random mutation alone. Meyer likens random changes in computer code to the mutational processes posited by Darwinian theory, arguing that such changes tend to corrupt rather than create functional information. He invokes Francis Crick’s 1958 “sequence hypothesis,” which posited that the linear sequence of nucleotides in DNA determines protein structure, to underscore the precision required for biological function. Meyer then points to the fossil record, highlighting the abrupt appearance of major animal groups during the Cambrian explosion and other rapid diversification events. He claims these “explosions” lack a plausible Darwinian mechanism for the generation of novel biological information, thereby creating a gap that he argues is best filled by intelligent design. To bolster his case, Meyer cites a 2016 London conference that gathered scholars advocating alternative evolutionary ideas, a PragerU video that disseminates similar arguments, and a forthcoming documentary titled “The Story of Everything.” The documentary, according to Meyer, will present three “God‑friendly” scientific discoveries: the universe’s finite beginning, the fine‑tuning of physical constants, and the informational complexity of cells. Throughout this segment, Meyer repeatedly references the Discovery Institute’s Center for Science and Culture as the intellectual hub for intelligent‑design research. He also invokes sociological data to argue that secular scientific worldviews have contributed to a decline in belief. Pew Research polls, a 2018 youth survey, and a recent Harvard study","05:51 — Meyer references an interview ""last year, last summer"" about his book *Return of the God Hypothesis*.
10:07 — Meyer states ""now in 2025"" some previously atheist intellectuals have come to faith.
18:06 — Reference to Charles Darwin’s lifetime (early 1800s) and the 1859 publication of *On the Origin of Species*.
19:12 — Meyer quotes Thomas Henry Huxley’s 19th‑century description of the cell as a ""simple homogeneous globule of protoplasm"".
20:48 — Francis Crick’s 1958 “sequence hypothesis” that DNA carries information.
35:46 — Watson and Crick elucidated DNA structure in 1953.
36:41 — Late 1950s discoveries about cellular complexity and DNA’s information‑bearing properties.
36:58 — Reference to 1959 as a time of “triumphant scientific materialism.”
22:30 — The Cambrian Explosion, a major fossil “explosion” in Earth’s history.
22:40 — Reference to a 2016 major conference in London on alternative evolutionary ideas.
33:42 — Pew Foundation polling data (no specific calendar year given, but refers to recent surveys).
33:47 — 2018 poll of young people (ages 18‑30) about reasons for not believing in God.
35:09 — Recent Harvard study reporting 36% of young people with anxiety/depression have doubts about meaning.
29:35 — The documentary “The Story of Everything” is slated to be released later in theaters “this year.”
38:08 — Reference to the New Atheist movement “circa 2007, right up to about 2015, 16”
39:11 — Mention of “the 1950s” as a period when leading scientific atheists like Fred Hoyle were active
43:49 — Reference to “late 19th century through the 50s” as a historical era of scientific and cultural change
45:03 — Personal age reference: “at 14, I had questions …”
46:21 — Relative‑date reference: “What’s going to matter in 100 years?”
51:43 — Personal milestone: “my junior year in high school”
53:08 — Reference to “first year out of college” as a turning point
53:11 — Personal age reference: “I was 24, I think.”
56:06 — Reference to the year 2025 as the current time of the conversation.
56:12 — Mention of future years 2026, 2027, and 2028 regarding upcoming content.","14:42 — Claim that ""Darwinian evolution feels like it's gasping and there is no real modern credible scientists hanging their hat on that anymore,"" implying a current shift in scientific consensus.
15:15 — Statement that modern neo‑Darwinism ""doesn't work anymore"" and that evolutionary biologists are abandoning the random‑mutation/natural‑selection model.
19:44 — Assertion that the cell now is known to contain a ""complex information storage transmission and processing system,"" a present‑day scientific understanding.
22:12 — Mention of a PragerU video that people can look up online (online content may change or be removed).
22:30 — Reference to the Cambrian Explosion as a historical event; not time‑sensitive.
22:40 — 2016 London conference – past event, but the claim about “recently deceased” colleague may affect relevance.
29:35 — Upcoming theatrical release of the documentary “The Story of Everything” later in the current year; deadline for release.
33:47 — 2018 poll results – may become outdated as newer surveys emerge.
35:09 — Recent Harvard study – relevance may diminish as newer research is published.
46:21 — Future‑oriented speculation about meaning “in a hundred years” – a relative‑date claim about personal legacy
53:56 — Reference to ""a year later"" when the speaker went to grad school, indicating a relative future event.
56:06 — Statement that they are speaking in 2025, making the timing of the discussion time‑sensitive.
56:12 — Projection of content releases in 2026‑2028, which are upcoming and time‑sensitive."
HD-P250325-075810,,Matt Crouch,Dr. Harold Eberle; Dr. Martin Trench; Hal Lindsey; Dr. Stuart McBurney,"Matt Crouch hosted Dr. Harold Eberle and Dr. Martin Trench in a three‑part discussion that contrasted the modern dispensational‑rapture view of an imminent apocalypse with a historic “victorious” eschatology, tracing the former’s 19th‑century origins in Darby’s teachings and the Scofield Bible and presenting a Scottish historicist perspective that sees the Kingdom of God as already inaugurated and continually expanding.","Matt Crouc​h opened the program by welcoming two scholars, Dr. Harold Eberle and Dr. Martin Trench, to a discussion that would re‑examine the dominant picture of the end times that has shaped evangelical culture for the past half‑century. Their purpose, as Crouc​h framed it, was to present a “victorious” eschatology—one that sees the Kingdom of God as an ever‑expanding reality rather than a looming catastrophe. The conversation unfolded in three distinct segments, each building on the previous to trace a historical lineage, articulate a theological alternative, and propose a concrete interpretive framework. In the first segment (01:30‑20:23) the guests set the stage by contrasting two broad narratives. The first, they argued, is the historic view that the Kingdom began to grow the moment Christ was enthroned at the right hand of the Father. From that perspective, the Church has been the instrument of an expanding reign, a view that can be found in the writings of Augustine, Aquinas, and the Reformers. The second narrative, by contrast, is the modern “dispensational‑rapture” model that envisions a sudden, cataclysmic removal of the Church before a period of intense tribulation. Crouc​h and the scholars identified the origin of the latter in the 1860s, when John Nelson Darby, a leader of the Plymouth Brethren, systematized a pre‑tribulation rapture and a literal, futurist reading of Revelation. They noted that this system quickly spread through the United States via the Scofield Reference Bible, whose 1909 edition became a de facto textbook for evangelical prophecy. Eberle and Trench emphasized that Darby’s scheme was not a seamless continuation of historic doctrine but a radical departure. They cited 19th‑century opponents such as Charles Spurgeon, who warned against “the folly of a future‑only kingdom,” and John Wesley, whose Arminian theology stressed the present work of sanctification and the Kingdom’s progressive nature. The segment also referenced cultural amplifiers: Hal Lindsey’s bestselling *The Late Great Planet Earth* (1970) and the subsequent wave of “end‑times” media that cemented the futurist vision in popular consciousness. Lindsey’s death in 2024 was mentioned as a symbolic closing of an era that had, for decades, equated Christian hope with imminent apocalypse. The second segment (20:29‑39:53) shifted focus to a lesser‑known but historically rooted “victorious eschatology” that emerged in mid‑19th‑century Scotland. The speakers traced this movement to a series of marginal notes that appeared in copies of the 1909 Schofield Bible, a version of the Scofield text that had been widely distributed among British and American churches. These marginalia, they explained, reflected a Scottish theological current that re‑read the apocalyptic symbols of Daniel and Revelation through a historicist lens. Rather than projecting the “great tribulation” into the future, this school placed it squarely in AD 70, when Roman forces besieged Jerusalem and destroyed the temple. The destruction, they argued, fulfilled the prophetic language of “the abomination of desolation” and “the day of the Lord” long before the modern era. From that pivot, the Scottish interpreters concluded that the Kingdom of God had already been inaugurated and was continuously expanding","10:13 — Hal Lindsey’s death at the end of 2024 (""end of 24"").
14:52 — Reference to the year 1948 when Israel became a nation, used as a possible catalyst for modern dispensationalism.
19:32 — The 1860s, when John Nelson Darby developed the rapture/dispensational view.
05:02 — Reference to “the last 30 plus years” of the speakers’ study, a relative time span.
20:51 — 1909 – publication year of the Schofield Bible.
21:38 — Reference to societal changes after World War I and World II.
21:47 — World War II mentioned as influencing pessimism in the United States.
22:38 — The year 2000 – noted as a turning point when many Christians began re‑examining eschatology.
30:03 — AD 30 – year of Jesus’ death, used to calculate a 40‑year generation leading to AD 70.
30:32 — AD 70 – year the Roman siege destroyed Jerusalem, identified as the historic tribulation.
38:07 — Reference to “2000 years” of the kingdom of God from the time of Jesus to the present.
40:01 — Destruction of Jerusalem in 70 AD
40:40 — Reference to events 40 years earlier (around AD 30)
44:15 — Late Great Planet Earth written in the mid‑1800s
52:31 — Reference to a “stopwatch” starting in 1948 covering AD 30‑70
46:30 — Mention of a seven‑year period often associated with the rapture","10:13 — Statement that Hal Lindsey passed away at the end of 2024, a recent past event.
14:52 — Question whether church fathers didn’t adopt dispensationalism because they didn’t see the 1948 establishment of Israel, implying a link to a specific historical event.
19:32 — Claim that Darby’s dispensational ideas originated in the 1860s, a historical origin point for the modern view.
22:38 — Statement that since the year 2000 many Christians are reconsidering the dispensational view; implies a recent shift that may become outdated as further time passes.
38:36 — Claim that the “big event” (Christ’s return) is still future, indicating an ongoing expectation that could affect listeners’ outlook.
39:53 — Reference to Matthew 24:3 about Jesus’ return in clouds; used to support the theological position and may be interpreted as a future‑looking claim.
41:08 — Claim that the final return of Christ, final judgment, and resurrection have not yet occurred
46:51 — Statement that the rapture (if it exists) is the same event as the second coming
57:15 — Encouragement to embrace a “glorious and victorious eschatology” as a present‑day lifestyle"
HD-P250324-162109,,Matt Crouch; Person 980; Person 1359,James Dobson; Shirley Dobson,"Matt Crouch interviews Dr. James Dobson, founder of Focus on the Family, who recounts his childhood’s lack of a father figure, the ministry’s growth from a small counseling practice to a global media empire, and the biblical and cultural arguments for strong paternal involvement, disciplined parenting, and morally grounded education.","The interview opens with Matt Crouch sitting down with Dr. James Dobson, the evangelical psychologist who founded Focus on the Family, and proceeds as a chronological narrative that weaves personal history, ministry development, cultural commentary, and theological reflection into a single, continuous portrait. In the first segment, which runs from the opening minute and a half to the twenty‑second minute, Dobson recounts the formative moments of his childhood, describing a home where the absence of a strong paternal presence left an indelible mark on his sense of purpose. He explains that the experience of growing up in a family that struggled with instability sparked a lifelong conviction that the family unit is the primary engine of societal health. This conviction became the seed for his later work, and he traces the evolution from a modest counseling practice to the formal establishment of Focus on the Family in 1977. He notes that the organization’s early mission was to provide biblical counseling to couples and parents, but that the scope quickly expanded as the demand for a “family‑centered” voice grew across the United States. Dobson then outlines the rapid growth of the ministry, emphasizing the strategic use of media. He describes how the first radio program, launched in the late 1970s, was initially broadcast on a handful of stations, but within a decade it had achieved a national footprint, and by the early 2000s the broadcast reached listeners in more than 150 countries. The global radio reach, he says, is not merely a technical achievement but a testament to the universal relevance of the family message. He backs this claim with stark statistics: more than half of American children now live in homes without a father present, a figure he attributes to cultural shifts that devalue paternal responsibility. The numbers, he argues, are not abstract data points but a call to action for men to reclaim their role as protectors and providers. Transitioning at the twenty‑minute mark, the conversation widens to include other participants who explore the biblical basis for discipline. Citing Hebrews 12:7—“If you endure hardship as discipline, God is treating you as his children”—they argue that discipline is both a divine command and a cultural necessity. Personal anecdotes illustrate the point: one speaker recounts a teenage rebellion that was redirected through a structured home environment, resulting in a dramatic turnaround from delinquency to honor‑roll achievement. The dialogue underscores that discipline, when rooted in love and clear expectations, functions as a protective boundary, much like a rabbit’s burrow that shields it from predators. This metaphor serves to illustrate how families must create safe, defined spaces for children to grow without being overwhelmed by external chaos. The discussion then pivots to education philosophy, where the participants debate the merits of a curriculum that balances academic rigor with moral formation. They argue that without a firm moral framework, education becomes a hollow pursuit, and they cite Dobson’s own experience of integrating biblical principles into counseling curricula as a model. The conversation also touches","11:30 — Dobson states he founded Focus on the Family in 1977.
29:27 — Reference to Ronald Reagan’s inauguration in 1981.
29:37 — Mention of the ninth inaugural ball, tied to the 1981 inauguration.","12:08 — Dobson refers to an event that occurred ""seven years later,"" a relative‑date reference.
29:27 — Historical event (Reagan’s inauguration) that occurred in 1981.
30:45 — Reference to “three years later” when the speaker was in the Oval Office again.
28:25 — James Dobson’s comment about being asked “Rolling, Mike?” indicating a live interview context.
39:09 — Mention that Shirley Dobson is currently leading the National Day of Prayer, a present‑time role.
46:02 — Reference to a baby born after a pro‑life decision who is now 34 years old, indicating a relative‑date statement."
HD-P250318R2-133751,,Matt Crouch; Lori Crouch,Ed Young Sr.; Person 639; Person 311; Person 1348; Pastor,"Matt and Lori Crouch interview longtime Second Baptist pastor Ed Young Sr., who announces his resignation to produce daily TBN broadcasts and names his son Ben as his successor, then discuss legacy giving with donors who describe how their contributions have funded TBN’s global expansion and ongoing projects.","Matt and Lori Crouch opened the program with a candid interview of Ed Young Sr., the long‑time senior pastor of Second Baptist Church in Houston, who had just announced his resignation after more than three decades of leadership. The Crouches, who have known Young since the early 1980s when the fledgling Trinity Broadcasting Network (TBN) first began to air its weekly “Living Legacy” program, asked him to explain why he was stepping down and what lay ahead. Young said his decision was rooted in a desire to devote his remaining years to a new calling: producing daily broadcast content for TBN that would reach the network’s expanding global audience. He also announced that his son, Ben Young, would assume the senior‑pastor role, ensuring continuity for the congregation while allowing Ed to focus on media ministry. Throughout the interview, Ed emphasized the centrality of evangelism and the importance of leaving a spiritual inheritance for future generations. The segment concluded with a brief promotion for a charitable‑gift‑annuity tied to the “Living Legacy” brand, underscoring the program’s ongoing fundraising strategy. The conversation shifted at 19 minutes 17 seconds to a longtime donor, identified only as Person 639, who was preparing his and his wife’s will. He expressed a heartfelt wish to create a “legacy that will last forever” by bequeathing a substantial portion of his estate to TBN. He praised the network’s reach—broadcast in 17 languages across 125 nations—and traced its growth from the modest, cable‑only operation of the early 1980s to the satellite‑driven, internet‑enabled ministry it is today. Matt Crouch, now serving as host, gently corrected the donor’s modest self‑assessment, reminding him that the Crouch family had felt a prophetic call to launch a worldwide gospel platform in the early 1970s. He recounted how the first satellite uplink in 1979 turned a regional ministry into a global one, and how subsequent technical upgrades—new transmitters, digital streaming, and a massive social‑media following—have multiplied the network’s impact. The dialogue then turned to the spiritual dimension of giving. Crouch invoked historical examples, noting that Plato wrote about the power of music to shape the soul, and that Chinese emperors historically used court music to calm the dying. He shared a personal anecdote of a hospice patient whose final moments were soothed by a hymn, illustrating how music can become a conduit of divine comfort. Person 311, another guest, recounted his family’s tradition of monthly TBN giving that began in the early 1980s. He explained that those modest, regular contributions helped fund the construction of new transmission towers in Africa and Asia, enabling the network to reach remote villages that had never heard the gospel before. Matt Crouch added a concrete illustration of legacy giving: his own parents had left their entire estate to TBN, including a 1968 home purchased for $38,000 that later sold for $1.5 million. The sale proceeds were earmarked for the network’s capital projects, demonstrating how a single family’s generosity can have a multiplying effect over decades. At 37 minutes 8 seconds","03:36 — Ed Young says he resigned in May (no year given).
12:18 — Reference to becoming a grandmother in April (no year given).
07:31 — Mention of the early 1980s as the time Ed began his work with TBN.
18:04 — Matt notes his father was born in 1934.
18:07 — Matt calculates his father would be 91 years old if still alive.
21:21 — Reference to the 1980s as the period when TBN’s trajectory changed.
21:47 — Mention of the Crouch family’s prophetic call occurring “52 plus years ago” (approximately 1972).
22:06 — Reiteration that the same call was “52 years later,” linking the original event to the present.
33:31 — Matt Crouch says his parents bought a home in Orange County in 1970.
33:47 — The home was purchased for $38,000 in 1968 or 1969.
34:39 — The home sold for $1.5 million after his mother’s death.
30:14 — Person 311 recalls grandparents watching TBN on channel 21 (KPaz) in Phoenix, Arizona, in 1982‑1983.
30:26 — Reference to the early years of TBN (TV‑79, TV‑78, TV‑79) indicating the network’s launch period in the late 1970s.
29:31 — Statement that the donor wants to impact the “21st century” until Jesus returns.
44:18 — Reference to “30 years plus, 40 years ago” when sitting with Paul and Jan Crouch.
49:25 — Reference to age “You’re only 88.”
40:00 — TBN’s reach: “125 countries” and “potentially 2 billion people.”
41:28 — Statistic: “121,000 new self‑help books published every year this past year.”
49:58 — Mention of “the 80s” when recalling past struggles.
50:52 — Reference to “Ephesians chapter number five.”","16:42 — Promotion of a charitable gift annuity with TBN Living Legacy, including a call to action and contact information; time‑sensitive financial offering.
12:18 — Upcoming personal milestone – becoming a grandmother in April – a future event relative to the recording.
03:36 — Recent resignation in May, indicating a recent past change in leadership.
19:17 — Donor says they will sign the will “within the next couple of weeks” to include TBN in their legacy.
28:43 — Matt Crouch asks why the donor is giving in their personal will, implying an imminent decision/action.
19:17 — Matt Crouch notes that TBN considered pausing discussion of legacy funds, indicating a current, potentially time‑sensitive financial conversation.
19:17 — Emphasis that legacy contributions are essential to keep studio lights, cameras, and transmitters operating now.
44:18 — Relative‑date claim “30 years plus, 40 years ago” indicating a past event.
49:25 — Age reference “you’re only 88,” a personal age that may change.
41:28 — Statistical claim about book publications “this past year,” which is time‑sensitive.
49:58 — Reference to “the 80s,” a historical period that provides context but is time‑bound.
54:06 — Reference to the 1970s as the era when the organization’s early work began.
54:12 — Mention of ""52 years later,"" indicating a relative time span since the organization’s founding."
HD-P250220-154634,,Greg Laurie; Person 1335 (interviewer/presenter),"Michael Franzese; Person 1326 (Michael Franzese, former mobster); Greg (mentioned as a speaker, likely the host’s co‑interviewer); Person 734; Person 1335","The episode chronicles Michael Franzese, son of Colombo underboss Sonny Franzese, from his rise as a “made man” and architect of a massive gasoline tax‑evasion scheme to his acquittal, later imprisonment, and conversion to Christianity while in solitary confinement.","The program opens with a detailed portrait of Michael Franzese, the son of former Colombo crime‑family underboss Sonny Franzese, and traces his trajectory from the inner circles of organized crime to a public testimony of Christian faith. Pastor Greg Laurie, the host, introduces a presenter identified as Person 1335 and Michael’s brother, Person 1326, to provide a family perspective. The conversation quickly moves beyond biographical trivia to illuminate the structure of the Mafia, describing the ritual that turns a street associate into a “made man.” This ceremony, with its oaths of loyalty, blood‑binding, and symbolic gestures, is presented as the gateway to the power and wealth that Michael would later command. In the first segment, the participants outline Michael’s early immersion in the mob world. As the son of a high‑ranking capo, he was exposed to the hierarchy of bosses, capos, soldiers, and associates, learning the code of silence and the brutal enforcement mechanisms that kept the organization cohesive. The narrative emphasizes that Michael’s ascent was not merely a product of nepotism; he proved himself as a “high‑earning earner,” a term the Mafia uses for members who generate substantial illicit revenue. By the mid‑1980s, Michael had become a central figure in a massive gasoline tax‑evasion scheme that siphoned millions of dollars from the government. The program details how the scheme operated: fraudulent fuel distributors would claim tax credits for gasoline that never existed, allowing the mob to pocket the tax refunds. Michael’s role as the architect of the operation placed him at the apex of a sophisticated criminal enterprise. The discussion then shifts to the law‑enforcement response. A 14‑member FBI task force was assembled to dismantle the operation, leading to a series of indictments that implicated dozens of mobsters and business fronts. Michael endured a grueling seven‑month trial, during which the prosecution presented extensive financial records, wiretaps, and testimony from cooperating witnesses. Despite the weight of the evidence, the jury acquitted him, a verdict that underscored the difficulty of securing convictions against well‑protected organized‑crime figures. The narrative notes a personal betrayal: Michael’s father, Sonny, turned against him, a rupture that foreshadowed Michael’s eventual downfall. Imprisonment arrived not through the trial but through later convictions. Michael was sentenced to solitary confinement, a setting that stripped away the trappings of power and forced him into introspection. In the stark isolation of his cell, he discovered a Bible left by a fellow inmate. The program highlights a pivotal moment when Michael read Proverbs 16:7—“When a man’s ways please the Lord, He makes even his enemies to be at peace with him”—and felt a profound conviction that the life he had led was incompatible with any lasting peace. The conversion narrative is reinforced by the supportive presence of his wife, who, according to the interview, prayed with him and encouraged his spiritual search. The show also references other former inmates who, like Michael, found faith behind bars, suggesting a pattern of redemption that emerges in the most constrained environments. From the personal story, the","01:32 — Reference to the 1980s as the era when the mafia held tremendous power.
05:07 — Speaker says they first heard about Michael Franzese about 25 years ago.
17:34 — Mention of Halloween night in 1975 as the time of the made‑man ceremony.
20:44 — Reference to a 14‑member FBI task force assigned to Franzese.
21:53 — Mention of a seven‑month trial.
28:54 — Franzese says he has been a Christian for the “last 20 years”.
33:04 — He spent “29 months and seven days” in solitary confinement.
33:24 — Reference to “three years” after his release when he met Greg.
52:22 — Mentions preacher Lonnie Frisbee and a film titled ""Jesus Revolution"" (no specific date).
52:59 — States ""But I can mark that day in 1970 as the day that Christ came into my life.""
55:12 — Mentions ""Now, 51 years, TBN has been endeavoring to take hours out of the day..."" indicating a 51‑year span.
55:39 — References ""going back to the early 70s even.""","05:07 — Relative reference ""25 years ago"" which becomes outdated as time passes.
12:34 — Reference to a 50‑year prison sentence for Sonny Franzese, indicating a long‑term incarceration that may affect current status.
13:07 — Use of the word ""today"" in a news‑style report, making the statement time‑sensitive.
20:44 — The existence of a 14‑member FBI task force is a specific law‑enforcement action that could change over time.
21:53 — The seven‑month trial duration is a factual claim about a past legal proceeding.
28:54 — Statement that Franzese has been a Christian for “the last 20 years” is a relative‑date claim that will become outdated.
33:04 — Exact length of solitary confinement (“29 months and seven days”) is a precise historical detail.
33:24 — Reference to “three years” after release is a relative‑time claim.
35:46 — Reference to “next four years” the speaker must focus on their passion.
36:31 — Mention of a $15 million judgment that the speaker does not want to face after release from jail.
36:35 — Concern about family being harassed for “the next several years” by government liens.
45:31 — Speaker says his son Christopher has been “in heaven 16 years.”
45:31 — Reference to “years ago” when the speaker left his Bible at a crusade.
45:31 — Mention of “the next several years” regarding government actions.
49:04 — Metaphor about the same message that can “soften the wax” or “harden the clay,” implying a time‑sensitive response to the gospel.
55:12 — The claim of ""51 years"" of TBN outreach is time‑sensitive; the exact length will change as time passes.
52:59 — The personal conversion date of 1970 is a past historical reference but may be used to suggest a timeline for similar conversions.
55:39 — Reference to ""early 70s"" is a relative historical period that could be interpreted differently as time moves forward."
HD-P250211R2-075848,,Matt Crouch; Bill Gaither,Gloria Gaither; Rick Warren; Anthony Burger; Lori; Gloria; Cliff Barrow; Russ,"The segment introduces the Gaither Gospel Hour, highlighting Bill and Gloria Gaither’s lifelong partnership in gospel songwriting and their perseverance through personal hardships, while also recounting recent tragedies in the Christian music community—such as a Utah plane crash and the death of Anthony Burger—to illustrate how music can transform grief into worship.","The segment opens with an enthusiastic invitation to viewers, announcing the return of Bill and Gloria Gaither to the Trinity Broadcasting Network in a fresh series titled “The Gaither Gospel Hour.” The host, Matt Crouch, frames the program as a continuation of a long‑standing ministry that has, for decades, blended heartfelt songwriting with a commitment to “deliver truth with love.” Throughout the first twenty‑five minutes, Bill (identified in the transcript as Person 1247) and his wife Gloria are portrayed not merely as veteran gospel artists but as a partnership forged in both marriage and music. Their dialogue weaves together personal anecdotes—stories of early courtship, the occasional argument that sparked creative tension, and the ways they have “sang through hardships” such as travel accidents, the loss of family members, and a recent cancellation of an Alaskan cruise that had been planned for a celebratory recording session. These recollections serve to illustrate a central theme: perseverance in the face of adversity, a motif that recurs later when the speakers discuss other tragedies. The conversation then broadens to include testimonies from other contributors who describe the studio environment and outline the upcoming schedule for the new hour. The tone is celebratory yet grounded, emphasizing that the Gaithers’ music is rooted in lived experience. The hosts stress that the program will feature not only classic hymns but also fresh compositions that arise from the couple’s ongoing collaboration. By foregrounding the couple’s “songwriting legacy,” the segment establishes a narrative continuity that links past successes with future expectations, positioning the new hour as both a tribute and a forward‑looking venture. At the twenty‑six‑minute mark the focus shifts dramatically to a somber recounting of a private‑plane crash in Utah that claimed the lives of an entire family. The speakers describe the scene with vivid specificity, noting that among the victims was a pregnant woman named Autumn, who was nine months along at the time of the accident. In a striking turn, Autumn is later heard singing a newly written praise song at the funeral of the crash victims, and again during a home‑coming taping that followed. This juxtaposition of grief and joy underscores a recurring motif in the program: the capacity of music to bridge sorrow and celebration. The narrative uses Autumn’s story to illustrate how personal loss can be transformed into worship, reinforcing the Gaithers’ own testimony of singing through hardship. The discussion expands to reference other recent losses within the Christian music community, most notably the death of musician Anthony Burger, who perished on a cruise ship. The speakers connect these events, suggesting a pattern of tragedy that tests the resolve of believers and artists alike. They also address the criticism that Christian musicians often encounter, recalling past accusations leveled against gospel performers for perceived commercialism or theological compromise. The Gaithers’ response, as articulated in the dialogue, is to remain steadfast, allowing their work to speak for itself while “respond[ing] to critique” through humility and continued service. From forty‑eight minutes onward, the tone becomes more","12:59 — Announcement of the new show “The Gaither Gospel Hour” on TBN and TBN+.
13:05 — Show airs every Saturday night at 8 p.m. and 11 p.m. Eastern Standard Time.
03:00 — Reference to “last summer” when the group was in a hotel before a flight.
04:59 — Reference to “last year” at the Barn at Sycamore outside Franklin.
17:01 — Statement “We wrote a song” (no calendar date, but a creative milestone).
24:17 — Reference to a past event in England where a friend (Rex Nealon) passed away.
24:53 — Reference to “Her daddy died on Friday night” (relative date).
25:37 — Reference to “last summer” Alaskan cruise plans that were cancelled.
28:01 — Autumn is now nine months pregnant.
30:07 — She posted that the past year has been ""the best and the worst"".
30:46 — New content will start airing on TV in February.
31:37 — Announcement of the new Gaither Gospel Hour airing Saturdays at 8 p.m. and 11 p.m. Eastern.
36:01 — Anthony Burger died on a cruise ship on a Wednesday.
36:30 — Approximately 2,000 people were on the ship for a “joyful weekend.”
38:09 — Around 20‑something funerals have occurred since the Homecoming series began.","12:59 — Launch of “The Gaither Gospel Hour” – upcoming program that will begin airing on TBN and TBN+.
13:05 — Weekly broadcast times (Saturday 8 p.m. and 11 p.m. EST) – ongoing schedule for viewers.
25:37 — Mention of a cancelled Alaskan cruise (immediate future event that was called off).
28:01 — Autumn’s pregnancy is at nine months, implying an imminent birth.
30:46 — New TV content is scheduled to begin in February, a future launch date.
31:37 — The Gaither Gospel Hour will start airing Saturdays at 8 p.m. and 11 p.m. Eastern, a recurring future broadcast.
36:01 — Anthony Burger’s death occurred the previous Wednesday, a recent past event.
36:30 — The cruise was marketed as a joyful weekend, now contrasted with the tragedy.
38:09 — Reference to “20‑some funerals” since the Homecoming series began, indicating an ongoing tally.
45:45 — Matt Crouch mentions a recent criticism that affected Lori for several days, a recent emotional impact.
48:09 — Announcement that the new show airs every Saturday night at 8 p.m. and 11 p.m. Eastern Standard Time on TBN and TBN+."
HD-P250210-134723,,Sheila Walsh; Matt Crouch; Laurie Krause,Dr. Robert Jeffress; Person 890; Person 311,"Sheila Walsh introduced senior pastor Dr. Robert Jeffress on TBN Praise to discuss the July 2024 four‑alarm fire that destroyed First Baptist Church’s historic downtown sanctuary, outlining a 2025 rebuilding plan and using the tragedy to explore theological concepts of judicial and parental forgiveness.","Sheila Walsh opened the TBN Praise program with a solemn yet hopeful tone, introducing senior pastor Dr. Robert Jeffress of First Baptist Church, Dallas. The segment, which spanned the first twenty‑four minutes of the broadcast, centered on the July 2024 four‑alarm fire that had razed the historic downtown sanctuary of Jeffress’s congregation. Jeffress described the blaze in vivid detail, recalling the crackle of flames that consumed the beloved brick edifice and the sudden, disorienting loss of a space that had housed generations of worshippers. He spoke not only of the material devastation but also of the emotional rupture felt by the church family, many of whom had been baptized, married, and mourned within those walls. The interview, conducted by Matt Crouch and Laurie Krause, quickly moved from the tragedy to the church’s response. Jeffress outlined a concrete rebuilding plan slated for 2025, emphasizing that the new sanctuary would honor the architectural heritage of the original while incorporating modern accessibility features and sustainable design. He framed the reconstruction as a tangible expression of “new beginnings,” a theme that would echo throughout the hour. Beyond the logistical details, Jeffress used the fire as a springboard for a broader theological reflection on forgiveness and personal failure. He recounted a personal anecdote about a moment of moral lapse early in his ministry—a lapse he described as “a stain on a suit that seemed impossible to remove.” Rather than gloss over the incident, he confessed it openly, noting that the experience had forced him into a period of “intermission,” a term the speakers would later define as a divinely appointed pause after a failure. Jeffress highlighted the unexpected support he received from a women’s prison group that had sent letters of encouragement, underscoring how forgiveness can emerge from unlikely sources and how communal prayer can sustain a leader in crisis. From 19 minutes 30 seconds to 37 minutes 22 seconds, the conversation deepened into a systematic exposition of Christian forgiveness. The hosts distinguished two complementary dimensions: judicial forgiveness and parental forgiveness. Judicial forgiveness, they explained, is God’s legal declaration of righteousness through the atoning work of Christ. This is the “courtroom” aspect of grace, where sin is declared null and the believer is acquitted before the divine tribunal. Scriptural anchors for this doctrine included 2 Corinthians 5:21, which speaks of Christ becoming sin for us, and Isaiah 59, which portrays the removal of iniquity as a divine act of redemption. Parental forgiveness, by contrast, was presented as relational restoration. It involves a confession that re‑establishes intimacy, much like a child returning to a parent after a transgression. The parable of the unforgiving servant (Matthew 18) served as a cautionary illustration: the servant who was forgiven a massive debt yet refused to forgive a fellow servant exemplifies the disconnect between receiving divine pardon and extending it to others. The speakers employed vivid analogies—a suit stained beyond cleaning, an east‑west distance that must be crossed—to convey how God’s forgiveness not only erases the legal penalty but also","03:23 — Request for a 2025 report on a 2024 event.
03:53 — Reference to the fire occurring in July 2024.
04:21 — Statement that 2024 will always be remembered as the year of the fire.
04:27 — Announcement of new beginnings in 2025.
11:19 — Welcome to the year 2025 and a new way to think.
23:33 — Reference to the year 2025 in the context of people feeling the need for a “second act” and hearing a word about forgiveness.
54:48 — Reference to events that occurred 2,000 years ago (the crucifixion and resurrection).
55:24 — Mention of the year 2025 as a future reference point.","03:53 — The July 2024 fire is a past event that may still be in public memory.
04:27 — Plans for rebuilding in 2025 are future‑oriented and time‑sensitive.
11:19 — Reference to the current year (2025) and upcoming initiatives, making the content time‑sensitive for viewers.
23:33 — The mention of 2025 is a future‑date reference that may affect the relevance of the discussion about upcoming needs for forgiveness.
55:24 — The statement ""Good words for 2025"" points to a future year, making it a time‑sensitive reference."
HD-P250204R3-162250,,Matt Crouch; Lori Crouch,Zach Allen; Jenny Allen; Alexis; Jenny,"Matt and Lori Crouch introduced “Gather 25,” a 25‑hour worldwide revival to be streamed live on TBN starting Friday, February 28 at 8 p.m. Eastern, highlighting its global reach, the involvement of Dallas‑based leaders Zach and Jenny Allen (who shared a prophetic testimony of launching the “If Gathering” ministry now active in 179 countries), and urging viewers to join the event as a collective act of worship.","The Praise program opened with Matt and Lori Crouch framing a new chapter in contemporary evangelical outreach, announcing a worldwide, 25‑hour revival that will be streamed live on the Trinity Broadcasting Network (TBN) beginning Friday, February 28 at 8 p.m. Eastern time. The segment, which ran from the opening minute and a half through the nineteenth minute, positioned the forthcoming event—referred to both as Gather 25 and the “If Gathering”—as a climactic moment in a broader movement that the hosts described as “divine momentum” and a sign of the global church’s rapid expansion. By invoking biblical motifs of darkness giving way to hope, Matt and Lori set a theological tone that linked the planned broadcast to the scriptural narrative of light overcoming darkness. Their remarks also highlighted the involvement of several key faith leaders, notably Zach and Jenny Allen, and possibly a third figure named Alexis, all of whom are based in Dallas and have been instrumental in shaping the production. The hosts stressed urgency, urging listeners to join the 25‑hour gathering as a collective act of obedience and worship, and they framed participation as a response to an imminent spiritual awakening that would be broadcast in real time to viewers around the world. At minute 19 and 22 seconds, the focus shifted to Jenny Allen’s personal testimony, which provided the narrative backbone for the entire initiative. Jenny recounted a prophetic encounter that occurred on her thirtieth birthday, more than fifteen years earlier, when she was told to “disciple a generation.” At the time she was a stay‑at‑home mother managing a modest church‑plant cafeteria, a setting that underscored the humble origins of her ministry. Over the ensuing years, that single prophetic word catalyzed a series of developments: her informal Bible studies were eventually published by Thomas Nelson, a major Christian publishing house, and the “If Gathering” ministry was launched. According to Jenny, the ministry now operates in 179 countries and coordinates thousands of local events, a reach that illustrates the exponential growth from a small, home‑based study group to a global network. A later dream in which she saw Jesus returning in ten years became the spark for the specific vision of Gather 25, a free, online gathering slated for 2025 that would invite every follower of Jesus to participate simultaneously. This dream linked eschatological expectation with practical organization, positioning the 2025 event as both a prophetic sign and a logistical undertaking. The third segment, spanning from 36 minutes 34 seconds to 53 minutes 35 seconds, returned to promotion of the imminent broadcast. The speakers detailed the structure of the 25‑hour event, noting that it would commence at Watermark Church at 7 p.m. Central (8 p.m. Eastern) on February 28 and continue uninterrupted across TBN and TBN Plus. They employed vivid analogies—comparing faith to a seed that must be planted and nurtured—to illustrate the spiritual stakes of the gathering. Logistical challenges were acknowledged, including the coordination of live feeds from multiple locations and the need for volunteers to manage prayer","02:26 — Reference to the year 2025 as the upcoming Gather 25 event.
03:48 — Speaker states ""we are 2025 now,"" reinforcing the year of the event.
08:28 — Announcement that the Praise program will air live on TBN on February 28 at 8 p.m. Eastern.
16:35 — Reminder to watch Gather 25 live on Friday, February 28, starting at 8 p.m. Eastern on TBN and TBN+.
19:48 — Jenny’s 30th birthday (the night she turned 30).
20:41 — Five years later her Bible studies began being published.
21:15 — Reference to 12‑13 years ago when her books were published.
22:25 — If Gathering has reached 179 countries.
22:14 — Dream that Jesus would return in 10 years (no specific calendar year given).
35:14 — Gather 25 is envisioned for the year 2025.
36:38 — Friday, February 28th – date of the live Gather 25 broadcast
44:31 — March 2nd – future date referenced as a milestone for the event
49:41 — Seven o’clock (7 p.m.) at Watermark Church in Dallas – start time for the live broadcast on February 28
54:26 — February 28th at 8 PM is mentioned as the start time of an event.","02:26 — Gather 25 is described as an upcoming event occurring in 2025; the claim is time‑sensitive as the year approaches.
08:28 — The February 28 broadcast is a specific upcoming deadline for viewers to tune in.
16:35 — Reiteration of the February 28 live broadcast, emphasizing the imminent nature of the event.
04:00 — Mention of a 24‑hour (later 25‑hour) global gathering, implying a limited‑time live event.
22:14 — Dream of Jesus returning in ten years creates a sense of urgency for the ministry’s mission.
35:14 — Gather 25 is a future global event scheduled for 2025; the invitation is time‑sensitive for participants.
36:38 — Announcement that the Gather 25 broadcast will air live on Friday, February 28 at 8 p.m. Eastern; an upcoming event requiring immediate awareness
44:31 — Reference to March 2 as an upcoming date when the speakers expect further fulfillment of the event’s promises
49:41 — Call to prayer and participation for the live kickoff at 7 p.m. Central on February 28; a time‑sensitive invitation
52:28 — Invitation to sign up at gather25.com to join the event; a current call‑to‑action with a limited‑time relevance
54:26 — The February 28th at 8 PM event is an upcoming deadline/occurrence.
54:30 — ""That's when it starts all the next day"" indicates the event begins the following day after the mentioned time."
HD-P250130R2-111733,,Matt Crouch; Lori Krause,Mason Milliken; Laura Milliken; Person 1280; Person 1282; Person 1281; Person 1279,"Matt Crouch and Lori Krause introduced entrepreneurs Mason and Laura Milliken, who recounted how a two‑and‑a‑half‑year period of job loss and spiritual surrender in 2014 led to the creation of DoSpace, a 360‑degree home‑design platform that grew to 150 employees in 15 cities before being sold in 2021, and they explained their belief that active surrender to God drives business innovation.","Matt Crouch and Lori Krause opened a segment of the Praise program from Nashville, Tennessee, and introduced entrepreneurs Mason and Laura Milliken. The Millikens recounted a pivotal episode that began in 2014 when Mason lost his job. The loss forced the couple into a period of surrender and waiting on God that lasted roughly two and a half years. During that interval they described a deepening of their spiritual life even as they faced financial strain. Their narrative emphasized that the surrender was not passive; rather it was an active listening to what they believed was God’s voice. The couple said that, after this season of waiting, an unexpected business opportunity arrived. That opportunity grew into a company that, by the end of 2021, operated in fifteen cities and employed about one‑hundred‑fifty people. The Millikens explained that the company was sold in 2021, that Mason stepped down as chief executive officer in 2022, and that he now leads a new venture he describes as a divine idea for the home‑improvement marketplace. The conversation also touched on a vivid vision experienced by Mason’s cousin, which the Millikens presented as further evidence of divine direction. From the 21‑minute‑34‑second mark onward the discussion turned to the theological framing of surrender as a conduit for divine inspiration and business innovation. The participants contrasted “commitment” with “surrender,” arguing that true reliance on God requires relinquishing personal control. They illustrated the concept with biblical precedents, citing Gideon’s hesitation before battle and Peter’s experience of walking on water after surrendering his fear. The Millikens described physical sensations—tightness in the chest, a feeling of weightlessness—and “anti‑physical” sensations such as a sense of expansion that accompanied moments of surrender. These sensations, they said, signaled that they were aligning with God’s will. The practical outworking of that surrender is the platform DoSpace, a virtual environment where users can view and purchase home designs in a 360‑degree setting. The Millikens outlined concrete steps for waiting on the Lord: entering stillness, visualizing thoughts as balloons that are released, and cultivating humility. They emphasized that surrender is a child‑like faith, a willingness to be led without demanding a specific outcome. The segment highlighted how DoSpace emerged from the Millikens’ belief that surrender could generate market‑changing ideas, positioning the platform as both a spiritual and commercial expression of that belief. Between 40 minutes and three seconds and 57 minutes and fifteen seconds the speakers distilled their experience into three spiritual steps for entrepreneurs: “come small,” “surrender all,” and “let him be.” “Come small” urged entrepreneurs to acknowledge their limitations and to seek divine partnership rather than self‑reliance. “Surrender all” called for total relinquishment of personal agenda, while “let him be” invited acceptance of whatever path God unfolds, even when it diverges from human expectations. The Millikens shared anecdotes of trusting God in specific business decisions, such as choosing a location for a new office after a prayerful night, and of sharing their gifts within marriage, noting that their partnership was a crucible for learning","03:24 — Reference to the year 2014 as a pivotal time in Mason and Laura’s lives.
08:43 — Mention that at the end of 2021 the company had around 150 employees.
09:08 — Mason says he transitioned as CEO throughout 2022 and promoted his first hire to president.","07:04 — Reference to a ""two and a half year"" season of waiting on the Lord, indicating a past duration.
08:36 — Reference to the next five years after the initial season, describing rapid business growth.
15:01 — Laura (Person 1281) reflects on a two‑and‑a‑half‑year period as a long season of spiritual testing.
16:57 — Statement that ""anything is possible"" in the context of waiting on the Lord, a timeless but present‑tense claim.
28:06 — Speaker claims the algorithm solved by an employee “has never been solved anywhere in the world” – a statement that may change over time."
HD-P250123-164332,,Matt Crouch; Mike Huckabee,Naomi Judd; Peter Navarro; Gary Sinise; Gary Latrell,"The final episode of “The Huckabee Show” on TBN featured an interview with Mike Huckabee about President Trump’s offer of the U.S. ambassadorship to Israel, reflected on the program’s seven‑year evolution from Fox News to a Christian‑focused platform, and concluded with a personal farewell that tied together constitutional commentary, veteran tribute, and Huckabee’s upcoming diplomatic role.","The final broadcast of “The Huckabee Show” on the Trinity Broadcasting Network unfolded as a layered tribute that combined personal recollection, political analysis, and a forward‑looking vision for the program’s host, former Arkansas governor and presidential hopeful Mike Huckabee. The episode opened with a segment that ran from the first minute and a half to the eighteenth minute and forty‑seven seconds, in which Matt Crouch, the show’s co‑host, conducted a focused interview with Huckabee about a recent phone call from President Donald Trump. In that call, Trump offered Huckabee the ambassadorship to Israel, a proposition that Huckabee described as the culmination of a “long‑standing connection to Israel” that had been nurtured through years of personal travel, biblical study, and political advocacy. Huckabee outlined the priorities he intended to pursue as ambassador, emphasizing a desire to build on the Abraham Accords, to deepen economic and security cooperation, and to engage in “host‑age negotiations” that would protect American citizens and Israeli interests. The interview also reminded viewers of the show’s own origin, noting that “The Huckabee Show” had launched on October 7, 2017, and briefly recapped Huckabee’s political résumé, including his tenure as governor of Arkansas and his two bids for the Republican presidential nomination. By anchoring the conversation in both personal history and the new diplomatic appointment, the segment set a tone of transition from domestic politics to international service. From the nineteenth minute to the thirty‑nine minute and fourteen second mark, the focus shifted to a reflective narrative of Huckabee’s media journey. Huckabee recounted his move from a mainstream cable outlet, Fox News, to a Christian‑focused talk platform, describing how the program’s concept was born out of a desire to “speak truth to the culture” and to provide a space where faith and public policy could intersect. He detailed the show’s growth over seven years, noting improvements in production quality, expansion of audience reach, and the development of a loyal viewership that spanned both evangelical and broader conservative circles. Memorable moments were highlighted, including an unguarded interview with country music legend Naomi Judd, whose candidness about personal loss resonated with the audience, and the dramatic arrest of former White House adviser Peter Navarro, an event that underscored the show’s willingness to confront contentious political realities. Matt Crouch and other participants contributed additional context, speaking about the program’s evolution, upcoming plans for the network, and the significance of Huckabee’s recent appointment as U.S. ambassador to Israel. The discussion also hinted at the impending conclusion of the series, framing the episode as both a celebration of past achievements and a farewell to a format that had become a staple of Christian broadcasting. The final segment, spanning from thirty‑nine minutes and twenty seconds to fifty‑eight minutes and fourteen seconds, brought the episode to a formal close while weaving together constitutional commentary, veteran tribute, and personal farewell. Huckabee opened by articulating a constitutional argument: that Congress lacks the authority to compel the President or his staff to disclose private conversations. He cited Peter Navarro’s","09:48 — The Huckabee Show launched on October 7, 2017.
10:03 — Reference to the October 7 attack (implied as a historic date).
15:34 — November 5, 2024 – the election day when Donald J. Trump was elected president.
20:08 — Reference to the year 2024 (and 2023, 2025) when discussing world events.
21:10 — Mention that 2012 was ""a different world"" for production values.
24:11 — Statement that the show started in 2017.
34:41 — Claim that Huckabee has been appointed ambassador to Israel.
35:42 — Reference to Huckabee’s 2008 presidential campaign.
40:04 — Reference to the ""Obama years"" when Eric Holder was held in contempt of Congress.
51:58 — Reference to events ""not long after October 7th"" (the Hamas attack date).
56:26 — Huckabee reflects that the seven‑year run of the show felt like ""a very brief seven months"".
41:02 — Person 1259 says they were traveling ""today"" to Nashville for a TV appearance.","08:15 — Statement that President‑elect Donald Trump named Mike Huckabee as ambassador to Israel within the last three hours – a recent, time‑sensitive appointment.
17:10 — Mention that Huckabee will be in Jerusalem “next year,” indicating a future deployment as ambassador.
12:09 — Discussion of initiatives tied to President Trump’s agenda, implying actions to be taken during the upcoming administration.
20:08 — Future‑oriented mention of 2024/2025, implying upcoming world conditions and relevance to the show.
34:41 — Announcement of Huckabee’s appointment as ambassador to Israel and that his show is ending, a time‑sensitive development.
24:11 — Start year of the show (2017) provides a timeline for its seven‑year run, indicating the program’s age.
22:21 — Reference to ""the end of the 16 campaign,"" a specific political campaign timeframe.
35:42 — Mention of the 2008 presidential campaign, a past event that frames Huckabee’s political background.
39:57 — Peter Navarro was held in contempt of Congress for refusing to testify.
40:14 — Huckabee claims charges were filed against Navarro in Washington.
40:20 — Statement that Peter Navarro lived ""50 yards from the front door of the FBI.""
41:33 — Claim that Navarro served several months in federal prison.
46:13 — Statistic that ""22 military veterans take their own lives every single day.""
46:20 — Comment that the daily veteran suicide rate is ""horrendous"" and implies a need for immediate action."
HD-P250116-100929,,Matt Crouch; Laurie Crouch; Sheila Walsh,Bill Gaither; Gloria Gaither; Gloria,"Matt Crouch and his wife Laurie interview Bill and Gloria Gaither about their five‑decade partnership, pioneering gospel songwriting, and influential “home‑coming” videos, while previewing the upcoming Gaither Gospel Hour on TBN.","Matt Crouc h and his wife Laurie sit down with Bill and Gloria Gaither in a Nashville studio for a two‑hour conversation that weaves together personal history, theological reflection, and a preview of new television programming. The interview opens with the Crouches asking the Gaithers how their partnership began and how that partnership has shaped a body of work that now spans more than five decades. Bill recounts meeting Gloria at a church event in the early 1960s, describing the instant musical chemistry that led them to write their first song together within weeks. Gloria adds that their marriage, forged in shared faith and a mutual love of hymnody, became the engine for a prolific songwriting partnership that would later define contemporary gospel. The couple’s recollections are punctuated by anecdotes about early gigs in small Southern churches, the moment they realized their songs could reach a national audience, and the decision to move to Nashville, the hub of Christian music publishing. The conversation quickly shifts to the Gaithers’ influence on the gospel genre. Both Bill and Gloria acknowledge that their “home‑coming” videos, first produced in the early 1990s, created a template for televised worship that blended live concert energy with intimate storytelling. They explain how those videos, originally intended for church gatherings, were distributed on VHS and later on cable networks, reaching millions and establishing a visual language for gospel that emphasized community, fellowship, and the joy of singing together. The Gaithers describe the evolution of their vocal‑band project, noting that the original quartet expanded into a full‑size ensemble capable of large‑scale a cappella recordings. They cite recent sessions in which dozens of singers recorded complex harmonies in a single take, a process that required meticulous rehearsal and a deep trust among the musicians. This technical growth, they argue, mirrors their spiritual journey: as their sound became richer, their reliance on God’s guidance deepened. Midway through the interview, the focus turns to theology, beginning with the phrase “It is finished.” Matt Crouch asks the Gaithers to unpack its meaning for them personally and for the broader Christian community. Bill interprets the words as the climax of Christ’s redemptive work, a declaration that the divine plan of salvation has reached completion. Gloria adds that the phrase also serves as a personal mantra during moments of doubt, reminding believers that their struggles are part of a larger narrative already resolved on the cross. Both speakers share personal spiritual battles—Bill recounts a period of creative stagnation in the late 1970s, while Gloria describes a season of family illness—illustrating how the assurance of “finished” provided a foundation for perseverance. Their testimonies underscore a recurring theme: gratitude emerges most powerfully when believers confront hardship with the knowledge that Christ’s work is already accomplished. The discussion then returns to the Gaithers’ media ventures, specifically the upcoming Gaither Gospel Hour on the Trinity Broadcasting Network. Matt and Laurie announce that the new prime‑time series will debut on February 1, airing Saturdays at 8 p.m. and again at","08:31 — Reference to a new prime‑time schedule starting February 1.
08:37 — Announcement that the Gaither Gospel Hour will begin February 1, airing Saturdays at 8 p.m. and 11 p.m. Eastern.
12:32 — Bill Gaither’s on‑air promo stating the show starts February 1.
13:20 — Mention of “62 years of marriage” for Bill and Gloria.
05:44 — Reference to “30 years” of partnership with TBN.
25:56 — Announcement that the Gaither Gospel Hour will start February 1, airing Saturdays at 8 p.m. and 11 p.m. Eastern.
26:25 — Matt Crouch references “late 1993” when he, Mylon LeFevre, and Bill Gaither met in Atlanta, Georgia.
27:24 — Matt Crouch says the home‑coming videos were being made in 1994 (or possibly 1993).
33:04 — Reference to “last fall” as the most recent time they completed a project.
35:59 — Mention that viewers have been watching the channel for 30 years.
23:15 — Comment that people who have followed them for 60 years thank them for their music.
36:49 — Matt Crouch notes a blog post from “late last year,” specifically posted in November.
53:44 — The broadcast will start on February 1st on TBN.
48:08 — Reference to “60 years later” indicating the length of time since the speakers began their ministry.
53:33 — Reference to “early 60s” and “early 70s” describing when the ministry began.","01:30 — Launch of the new Gaither Gospel Hour on TBN scheduled to begin February 1; viewers need to note the start date and the Saturday 8 p.m./11 p.m. Eastern time slots.
01:30 — Promotional call‑to‑action urging audiences to mark their calendars for the February 1 premiere and to tune in on TBN and TBN+.
13:20 — Reference to the Gaithers’ 62‑year marriage, a time‑sensitive personal milestone.
25:56 — The premiere of the Gaither Gospel Hour on February 1 is an upcoming event; the announcement is time‑sensitive for viewers.
33:04 — Reference to “last fall” indicates a recent past milestone that may affect current project planning.
36:49 — The blog post from “late last year” (November) is a recent publication that could be relevant for current audience engagement.
53:44 — Announcement of the upcoming TBN broadcast starting February 1, which is a future event relative to the recording."
HD-P250115R2-135025,,Matt Crouch; Laurie Crouch,N.T. Wright; Person 78; Person 1237,"Matt and Laurie Crouch interview New Testament scholar N.T. Wright, who explains that the incarnation is God’s decisive act to restore creation, framing the present “already‑but‑not‑yet” age as a time for believers—“Emmanuelists”—to actively embody the kingdom through worship, justice, and engagement rather than awaiting a distant future.","The program opens with Matt and Laurie Crouch greeting listeners and introducing their guest, New Testament scholar N.T. Wright, who is casually called “Tom” for the duration of the discussion. The opening minutes establish the central theme of the episode: a theological exploration of the incarnation, the purpose of God’s creation, and the ongoing mission of the church in the interval between Christ’s resurrection and the final defeat of death. Wright frames the incarnation as the decisive act in which God entered the world to restore it, citing John’s prologue (“the Word became flesh”) as the scriptural anchor for this claim. He then moves to the broader purpose of creation, arguing that God’s original intent was not merely to produce a static cosmos but to bring about a new creation in which death and decay are ultimately abolished. This purpose, Wright says, is already being inaugurated through the resurrection and is to be fully realized when God finally defeats death. The conversation quickly expands into eschatology. Wright points to Romans 8, where Paul speaks of “the creation waiting in eager expectation for the revealing of the children of God,” to illustrate that the present age is a “already‑but‑not‑yet” reality. He links this tension to the early church’s struggle after 70 AD, when the destruction of the Jerusalem temple forced believers to reinterpret the temple’s significance. The hosts and Wright note that the early church’s debates over the temple, the Spirit, and the kingdom set the pattern for contemporary Christian identity. Wright introduces the term “Emmanuelists” to describe believers who consciously live as inhabitants of God’s kingdom now, rather than postponing all ethical and political engagement to a future afterlife. This neologism is meant to capture a posture that sees the presence of God (“Emmanuel”) as a present reality that demands active participation in the world. From 20 minutes onward the discussion shifts to Revelation. Matt Crouch leads an examination of the book’s imagery—heaven, the temple, the Holy Spirit—and its unfinished fulfillment. The panel argues that Revelation should not be read solely as a future apocalyptic forecast but also as a present proclamation of the new creation already breaking into history. They contend that the “heavenly temple” described in Revelation 21 is not merely a future edifice but a symbol of the Spirit’s indwelling among believers today. This interpretation reframes worship: the church’s liturgy becomes a foretaste of the consummate kingdom, and the Holy Spirit is understood as God’s dwelling place within the community, not a distant, abstract force. The hosts contrast two models of Christian life: an “escapist” Christianity that retreats from the world in anticipation of a distant heaven, and an “engaged” Christianity that takes the kingdom’s present reality seriously. They argue that the good news is not a promise of escape but a call to participate in God’s restorative work now. Practical implications include holding political powers accountable, caring for the marginalized, and embodying the justice and peace that the new creation promises. The conversation repeatedly returns to","03:38 — Reference to Wright’s ministry lasting ""over 50 years"".
05:27 — ""A few years ago"" when the host was picking up N.T. Wright books.
07:21 — ""A couple of days ago"" the guest attended a funeral of a young man.
18:00 — Mention of the year ""70 AD"" in relation to the Olivet Discourse.
19:07 — Again references ""70 AD"" as the focal point of the discourse.
20:13 — Reference to “35 or so years into the future, when 70 AD” – a speculative future date.
23:20 — Mention that Revelation may have been written in the “late 60s” (AD).
23:33 — Possibility that Revelation was written in the “80s or 90s” (AD).
23:48 — Speaker says they suspect an “early 60s” (AD) authorship date.
31:06 — Reference to Rudolf Bultmann, a liberal New Testament teacher in Germany in the “1930s”.
43:06 — Wright began his theological studies in 1971.
43:16 — Wright finished his doctorate in 1980.
42:02 — Reference to revolutions in the late 18th century.
54:44 — Wright’s upcoming book “God’s Homecoming” will be released in 2025.
54:51 — Reiteration that “God’s Homecoming” is slated for 2025.","03:38 — The claim that Wright has been active for ""over 50 years"" is time‑sensitive and will change as years pass.
05:27 — ""A few years ago"" is a relative‑date reference that becomes outdated over time.
07:21 — ""A couple of days ago"" refers to a recent funeral; the relevance diminishes as time moves on.
18:00 — Reference to the historical year 70 AD is fixed, but its interpretation may affect current theological discussions.
20:48 — Statement that Revelation chapters 21‑22 have not yet been fulfilled (future event).
22:13 — Claim that the ending of Revelation has not happened yet (future fulfillment).
27:19 — Acts 2 described as the moment the Spirit filling the world becomes a reality (present‑past event).
38:13 — Warning against becoming triumphalistic about new creation; the cross will always mark believers (ongoing theological stance).
54:44 — Announcement of the forthcoming book “God’s Homecoming” (follow‑up to *Surprised by Hope*) scheduled for publication in 2025, making the information time‑sensitive.
54:51 — Repeated note that the book will appear in 2025, indicating an upcoming release."
HD-P250113-073644,,Matt Crouch,Alan Jackson; Person 915; Person 1163; Person 1241,"Matt Crouch and Pastor Alan Jackson host a nearly two‑hour TBN broadcast from Murfreesboro, Tennessee, arguing that Christians must launch a daily, bite‑size media program called “Alan Jackson Now” to interpret current headlines through Scripture and counter what they see as cultural complacency and compromised institutions.","Matt Crouch opened the broadcast from a makeshift studio in Murfreesboro, Tennessee, sitting across from Alan Jackson, senior pastor of World Outreach Church. The program, produced by the Trinity Broadcasting Network, unfolded over a continuous stretch of nearly two hours, each segment building on the last to form a tightly woven argument for a new phase of faith‑based media engagement. From the outset, Crouch and Jackson framed the conversation around a “rise of faith‑based media,” pointing to a recent podcast that had surged to the top of national charts as evidence that Christian voices could capture mainstream attention when they embraced professional production values and culturally resonant topics. Their premise was that the marketplace of ideas was no longer a neutral arena; it was a battlefield where believers must deliberately insert a biblical worldview into discussions of policy, culture, and daily life. The first half of the program (01:30‑19:38) established the urgency of this mission. Both men warned that complacency was a spiritual danger, especially as institutions such as the Centers for Disease Control and Prevention and the Federal Bureau of Investigation were, in their view, increasingly compromised by deception. They argued that trust in these agencies could only be salvaged through a “breakthrough” of divine wisdom that would enable Christians to discern truth from falsehood. To illustrate the power of such breakthrough, Jackson recounted a personal episode of severe illness that he believed was reversed through prayer, while Crouch cited a similar testimony from a colleague who survived a near‑fatal accident after a night of intercessory prayer. These narratives served a dual purpose: they validated the reality of divine intervention and modeled the kind of testimony that could attract skeptical listeners. From these anecdotes emerged a concrete proposal: a daily program titled “Alan Jackson Now.” The show would act as a filter, taking the day’s headlines—whether they concerned health policy, immigration debates, or cultural controversies—and interpreting them through Scripture. The hosts emphasized that the format would be concise, designed for a digital audience accustomed to bite‑size content, yet rooted in rigorous exegesis. They positioned the new series as a corrective to what they described as the church’s historic failure to “speak culturally.” While acknowledging that a majority of Americans still identified as “God‑fearing,” they argued that the faithful had retreated into echo chambers, allowing secular narratives to dominate public discourse. Transitioning at 19:42, the dialogue shifted from program planning to a broader theological critique. Crouch and Jackson condemned what they termed “spiritual complacency,” urging believers to take responsibility for influencing their immediate spheres—family, workplace, and community—rather than waiting for miraculous deliverance. They referenced three recent cultural flashpoints: the COVID‑19 pandemic of 2020, the anti‑Semitement protests of October (a movement they described as a backlash against perceived anti‑Jewish sentiment), and the most recent presidential election, which they said had exposed deep fractures in the national conscience. Each event, they argued, demonstrated the need for a proactive, biblically grounded response. The speakers then delved into eschatology, debating cessationism—the doctrine that miraculous","02:37 — Reference to “today, Monday the 13th” (the day of the broadcast).
03:30 — Mention of “turning 2025 here,” indicating the year 2025.
13:49 — Comment that “the lord's coming this year.”
13:55 — Statement that the Lord’s coming is “400 years off.”
14:07 — Reference to being “only a few days into the new year.”
14:11 — Reiteration that it is “the 13th Monday.”
19:13 — Historical reference to the CDC’s actions “as they did in 2000.”
25:08 — Reference to the year 2020 and the COVID‑19 pandemic as a disruptive event.
50:54 — Reference to ""new year, 2025"" as an upcoming calendar year.
56:27 — Statement that ""2025 has the potential to give expression to God in ways we've never imagined.""","02:37 — The broadcast date (Monday the 13th) is a specific, time‑bound reference for listeners.
03:30 — The claim that faith‑based media is becoming mainstream in the year 2025 is forward‑looking and may become outdated.
13:49 — Prediction that “the lord's coming this year” is a time‑sensitive eschatological claim.
13:55 — Counter‑claim that the Lord’s coming is “400 years off,” another time‑sensitive eschatological estimate.
14:07 — Statement that they are “only a few days into the new year,” which loses relevance after the new year passes.
14:11 — Reaffirmation of the broadcast being on the 13th Monday, a specific calendar date.
19:13 — Reference to CDC actions in the year 2000, used to argue current trust issues; the relevance depends on the recency of that event.
19:20 — Warning that institutions like the CDC and FBI could become “fundamentally flawed,” implying an imminent risk that may change over time.
25:21 — Mention of “a year ago” referring to an episode of shaking in Israel in October.
26:21 — Reference to “two years earlier” when a red wave was not seen.
26:29 — Statement “now it’s day two,” indicating a current phase of action.
25:52 — Reference to “the last election,” a recent political event influencing the discussion.
31:30 — Claim that Vanderbilt Hospital is “mutilating children in Nashville,” presented as a current wrongdoing.
31:41 — Mention of Matt Walsh’s bombshell report leading to a change of law in Tennessee that has reached the Supreme Court, implying an ongoing legal matter.
50:54 — The mention of the new year 2025 implies a future deadline or upcoming period for the discussed initiatives.
56:27 — The claim that 2025 will bring new opportunities is time‑sensitive, referring to expectations for that specific future year."
HD-P250108R2-121323,Original: 2025-01-08 | Last: 2025-09-04,Matt Crouch; Lori Crouch; Laurie Crouch,Rick Warren,"Pastor Rick Warren opened the “Daily Hope” New Year broadcast with Matt and Lori Crouch, defining hope as a Scripture‑based confidence, announcing a Daily Hope Devotional book tied to a global initiative for Christianity’s 2,000th anniversary, and sharing personal testimonies of suffering, prayer, and his upcoming 50th wedding anniversary to illustrate how pain shapes character and fuels evangelism.","Pastor Rick Warren entered the New Year broadcast “Daily Hope” alongside longtime hosts Matt and Lori Crouch at 1:37, setting the tone for a series that would weave biblical doctrine, personal testimony, and forward‑looking ministry into a single, continuous narrative. The opening segment, which ran until 20:18, framed hope not as a vague optimism but as a theological construct rooted in Scripture. Warren cited Romans, Galatians, Ephesians, and Acts to illustrate how the early church understood hope as a confident expectation anchored in God’s promises. He also invoked the parable of the talents, interpreting it as a call for believers to steward their gifts responsibly and to invest in the kingdom with “steps of faith.” Within this framework he announced a forthcoming Daily Hope Devotional book, positioning the publication as a practical tool for daily discipleship. More than a literary venture, the book served as a launchpad for a global initiative that would mark the 2,000th anniversary of Christianity in 2033. Warren urged listeners to view the millennium celebration as a collective pilgrimage, encouraging each believer to “take steps of faith and share the gospel” as part of a worldwide movement toward that historic milestone. The conversation shifted at 20:24 to a deeper exploration of suffering and its redemptive potential. Warren argued that God deliberately employs pain and brokenness to conform believers to the image of Christ, a process he described as having three interlocking purposes: purpose, character development, and hope. He anchored this claim in Romans 8‑29, which speaks of creation’s groaning and the ultimate glorification of believers, and in 1 Peter, which exhorts the faithful to rejoice in trials because they produce perseverance. Warren’s testimony was vivid and specific; he recounted chronic pain that had plagued him for years, the loss of close friends, and a recent foot surgery that temporarily limited his mobility. These experiences, he explained, were not random misfortunes but “life circumstances that test integrity,” one of the two mechanisms by which God molds character—the other being the transformative power of the Word itself. The hosts guided the dialogue toward a hopeful outlook for 2025, emphasizing the necessity of daily devotion as a safeguard against despair. Warren also disclosed a personal milestone: his 50th wedding anniversary, scheduled for June 21 2025, linking his marital longevity to the sustaining power of prayer and mutual faith. From 38:40 to 56:41 the focus turned to prayer, which Warren described as a conversational relationship rather than a monologue of petitions. He detailed his own devotional rhythm, noting that he begins each day with a quiet listening period before moving into spoken prayer, thereby modeling the “listening to God over screen time” ethic he advocated. In unpacking the theological weight of Jesus’ declaration “it is finished,” Warren connected the phrase to the completion of the redemptive work on the cross, underscoring that believers are invited to enter that finished work through a simple salvation prayer he offered. He stressed that salvation is not an abstract formula but an entry point","02:03 — Reference to the year 2025 as the current year.
02:07 — Statement that we are a quarter of a century (25 years) into the new millennium.
02:18 — Recall of a Y2K‑related millennial party, noted as occurring 25 years ago.
10:54 — Mention that the 2,000th birthday of the church is about eight years away (i.e., in 2033).
11:06 — Explanation that the current year 2025 is 2,025 years after the birth of Christ (year zero).
12:20 — Projection that Pentecost Sunday, June 5 2025 + 8 years = June 5 2033 will be the 2,000th birthday of the church.
12:30 — Statement that 2033 marks the 2,000th anniversary of Christianity.
12:33 — Reiteration that 2033 is the 2,000th celebration of the resurrection.
21:29 — Reference to 1 Peter’s perspective on suffering.
27:02 — Mentions the previous year, 2024, as a tough year.
27:18 — States the need for hope every day in 2025.
27:25 — Mentions August 11 2025 as a reference point for a page in a book.
28:54 — Cites a Psalm verse (no calendar date).
29:18 — Notes foot surgery “yesterday” (relative date).
29:51 — Mentions 43 years as pastor of Saddleback Church.
30:05 — References involvement in 33 international disasters.
31:45 — Refers to Paul’s words in 1 Corinthians about despair.
33:57 — Quotes “Kay” about managing what you can and trusting God.
34:23 — Matt Crouch notes the program is “Daily Hope” in the new year of 2025.
38:26 — Rick Warren mentions his 50th wedding anniversary on June 21 2025.
22:53 — Mentions losing a son to mental illness in 2013.
40:39 — Mentions “brand new year, 2025” as the current year of the program.
40:47 — States they are “eight years from the birthday of the church, being 2,000 years old.”
52:52 — Notes the studio “has been here since 1975.”
53:09 — References “50 plus years” of the Praise the Lord program being produced in the same room.
55:19 — Laurie Crouch says “I know we’re in January.”","01:37 — Upcoming global celebration of the 2,000th birthday of the church on June 5 2033; planning and calls for participation are time‑sensitive.
01:37 — Future reference to the 2,000th birthday occurring in about eight years, indicating a deadline for preparation.
01:37 — Reference to Y2K events as having happened 25 years ago, providing a relative‑date context.
02:07 — Mention that we are 25 years into the new millennium, a relative‑date statement.
27:02 — Reference to 2024 as a past year, implying relevance to listeners reflecting on recent events.
27:18 — Call for daily hope throughout the current year 2025, a time‑sensitive encouragement.
27:25 — Specific upcoming date August 11 2025 for a page reference, indicating a future point of interest.
29:18 — Foot surgery “yesterday” suggests a recent medical event affecting Warren’s current condition.
38:26 — Upcoming personal milestone: Warren’s 50th wedding anniversary on June 21 2025.
40:39 — The reference to the “brand new year, 2025” is a future‑oriented claim that will become outdated after 2025.
40:47 — “Eight years from the birthday of the church” is a relative future reference that will change as time passes.
51:41 — Mentions “in the next eight years” regarding the spread of the gospel, a time‑bound goal.
55:19 — Reference to “January” is a relative date that will become past once the month changes."
HD-P250107R-105354,,Matt Crouch; Lori Crouch,Joel Osteen; Person 690; Joel,"On January 7 2025, Matt and Lori Crouch launch a “praying bold” program urging listeners to pursue bold, kingdom‑focused prayers, featuring a guest who shares a 1981 prayer for his dying mother and promotes his new book *Pray Bold* while the hosts illustrate the concept with biblical examples like Jehoshaphat and Jabez and personal anecdotes.","The broadcast opens on a crisp winter morning, the sound of a preview for a Praise program featuring televangelist Joel Osteen fading into the familiar voices of Matt and Lori Crouch. It is January 7, 2025, and the Crouches are ushering listeners into the new year with a single, resonant charge: “praying bold.” The theme is set not as a vague aspiration but as a concrete invitation to move beyond the routine petitions that dominate many believers’ prayer lives. From the outset, the hosts frame bold prayer as a strategic, kingdom‑oriented activity, one that seeks God’s grand purposes rather than merely personal comfort. The first guest, identified in the transcript as Person 690, steps into the conversation with a personal testimony that grounds the abstract concept in lived experience. He recounts the 1981 prayer he led for his mother, then a 91‑year‑old woman facing terminal illness. The prayer, he says, was not a quiet plea for a painless death but a bold declaration that God would work “beyond the limits of human expectation.” The guest’s narrative is interwoven with a reference to his forthcoming book, *Pray Bold*, slated for release on the very day of the broadcast. The book, he explains, is intended to be a practical guide that translates biblical precedent into contemporary application, encouraging readers to ask for “big, kingdom‑focused desires” rather than “small needs.” This distinction becomes a recurring motif throughout the hour. Matt Crouch amplifies the guest’s point by citing the biblical episode of Jehoshaphat in 2 Chronicles 20, where the king called the nation to “not be afraid or discouraged” and to pray with confidence before a vastly superior enemy. The Crouches argue that Jehoshaphat’s prayer was bold not because it was reckless, but because it rested on the assurance of God’s past faithfulness. They juxtapose this ancient example with modern anecdotes, including Matt’s own humorous recollection of praying for a full head of hair, relief from dental pain, and a swift recovery from a lingering health issue. These stories serve a dual purpose: they illustrate that bold prayer can encompass both the monumental and the mundane, and they humanize the hosts, showing that they, too, wrestle with everyday concerns while trusting in divine power. The discussion deepens as the conversation moves to the figure of Jabez, whose brief prayer in 1 Chronicles 4:10—“Oh, that you would bless me indeed, and enlarge my territory…”—has become a modern emblem of bold petition. The guest and Matt explore how Jabez’s request was not a selfish ambition but a request for God’s blessing to expand influence for His purposes. They link this to Hebrews 4, emphasizing that believers are invited to “enter God’s rest” through confidence in His promises, a theological foundation for approaching the throne of grace without hesitation. The hosts stress that bold prayer requires believers to “step into spiritual authority,” a phrase that recurs as a call to recognize the power vested in the believer’s identity in Christ. Current events are woven into the theological","02:18 — Hosts state the year is 2025.
08:06 — Matt Crouch notes it is the 7th of January.
08:10 — Reiteration that the year is 2025.
08:11 — Reiteration that the year is 2025.
15:23 — Matt Crouch again says it is 2025 and urges to pray bold.
15:26 — Matt Crouch repeats the year 2025.
01:49 — Speaker notes his mother turned 91 years old last year.
21:18 — Reference to the year 2025 as a “brand new year, brand new thinking.”
21:57 — Statement that the recording date is January 7th.
24:16 — Mention of the year 1981 in relation to the guest’s mother’s terminal cancer and a Christmas‑time prayer.
24:22 — Reiteration that the Christmas prayer occurred in 1981.
34:27 — Reference to TBN existing for ""50 years or so"".
35:33 — Statement that a past event occurred ""32 years ago"".
35:07 — Mention of the year 2025 as a future timeframe.
35:15 — Further mention of the year 2025.
37:56 — Speculation about what the Bible would write if it were being written ""in the year of 2025"".
39:41 — Encouragement to act boldly ""in 2025"".
45:37 — Announcement that the new book is available ""today, January 7th"".
48:16 — Reference to the year 2025 again.
55:19 — Reference to the year 2025 as a future season (“let's call it, is different, that we're in a new season”).
55:31 — Mention of “the start of the year,” indicating the beginning of the calendar year.","02:18 — Reference to the current year (2025) which is time‑sensitive for listeners.
08:06 — Specific broadcast date (January 7) indicating when the episode aired.
01:49 — Mention of ""last year"" for the mother’s 91st birthday, a relative‑date claim that ages over time.
21:18 — Future reference to 2025, implying upcoming relevance for listeners.
21:57 — Specific recording date (January 7th) that situates the conversation in time.
22:31 — Comment about the start of “the year” and how it may set the tone for the rest of the year.
24:16 — Past event in 1981, used as a testimony of bold prayer and healing.
30:58 — Reference to “this year” when discussing personal desires and goals, indicating a time‑sensitive personal planning context.
33:28 — Announcement that TBN will make a new announcement ""pretty soon in 2025"" (upcoming event).
45:37 — Release date of the book ""Praying Bold"" stated as ""January 7th"" (specific upcoming release).
42:02 — Call to action indicating ""this is the year"" to take bold steps (relative‑date reference to the current year of the recording).
55:19 — A call to pray that 2025 will be a distinct, bold season for the organization, implying an upcoming deadline or target year.
55:31 — Prayer for areas of complacency as the new year begins, indicating a time‑sensitive appeal to act at the start of the calendar year."
HD-P250102R-170824,,Matt Crouch; Laurie Krause,Jason Sobel; Person 736; Person 311; Cece Winans,"A January 2, 2025 episode of the “Faith in Action” series featured gospel singer Cece Winans, hosts Matt and Laurie Krause, and Rabbi Jason Sobel, who explained the Hebrew year 5785 as the “year of the window,” linking its numeric symbolism to recent Jewish holidays, biblical stories of unexpected openings, and themes of promise, breath, and mature faith.","The broadcast opened with a brief devotional on forgiveness, setting a tone of reconciliation that would echo through the entire program. After the opening prayer, gospel singer‑songwriter Cece Winans introduced the day’s hosts, Matt and Laurie Krause, and the guest for the episode, Rabbi Jason Sobel, founder of the inter‑faith organization Fusion Global. The Krauses, who co‑lead the network’s “Faith in Action” series, welcomed Sobel and immediately placed the conversation in a concrete temporal framework: the Gregorian date was January 2, 2025, and the recent Jewish calendar had just moved through two major holidays. Matt noted that Rosh Hashanah had been observed in October of the previous year and that Hanukkah had concluded only a few weeks earlier on both the East and West coasts, underscoring the program’s commitment to a shared, multi‑cultural rhythm of worship. From that point the dialogue turned to the Hebrew year 5785, which Sobel described as the “year of the window” following the “year of the door” (5784). He explained that the Hebrew calendar assigns symbolic weight to each year through its numeric composition, and that 5785—broken into 5 (the letter He) and 785—suggests an opening, a chance to look outward rather than merely step through an entryway. Sobel illustrated the metaphor with a personal anecdote: a garage door in his childhood home had become jammed, and the only way to retrieve a forgotten tool was to climb through a small, high window. The story functioned as a concrete illustration of the “window of opportunity” motif that would recur throughout the hour. He linked the image to biblical narratives where unexpected openings lead to deliverance: Joshua and Caleb’s bold entry into the promised land, David’s triumph over Goliath, and Noah’s ark emerging from the floodwaters. Each of those stories, Sobel argued, contains a moment when a barrier is bypassed not by force but by a newly revealed aperture, a divine invitation to step into a larger destiny. The conversation then deepened into a systematic exploration of symbolic numbers and letters that populate the Hebrew tradition, especially as they relate to the Hanukkah season. The hosts and Sobel traced a chain of connections beginning with the number 25, the numerical value of the Hebrew letter He (the fifth letter), and the composite figure 85, which together form 5785. They argued that 25 evokes the “promise” of the oil miracle—where a single cruse of consecrated oil lasted eight days in the rededicated Temple—while He, as a letter, signifies breath, revelation, and the divine presence. The number 85, they noted, appears in the biblical account of Joshua and Caleb, who at the age of 85 were still counted among the faithful spies who entered Canaan. This convergence, they suggested, signals a divine pattern: promise (oil), breath (He), and mature faith (85) combine to define the year’s spiritual climate. Sobel further wove together a series of name‑change narratives that reinforce the theme of transformation through divine speech. Abraham’s name change to Abraham (from Abram) and Sarah’s to Sarah (from","02:51 — Matt Crouch states the Gregorian date as January 2nd, 2025.
03:03 — Reference to Rosh Hashanah having occurred in October (around October 2nd).
03:06 — Mentions October 2nd as the start of Rosh Hashanah.
04:47 — Person 736 notes the Hebrew year 5785 as the current year.
10:38 — Reference to the previous Hebrew year 5784 as the “year of the door.”
16:42 — Announcement that a book is “a few days away from shipping.”
20:37 — Reference to “the five of 25 of 5785,” indicating the Hebrew year 5785.
22:35 — Abraham was 75 years old when God gave him the promise.
22:41 — Mention of “when he was 100 years old? 25 years. 2025.” (implies the year 2025).
24:15 — Comment that “the 5785 was even in their 85th year,” linking the Hebrew year to age 85.
30:45 — First day of creation occurred on the 25th day of the Hebrew month of Elul.
31:00 — Explanation that the Hebrew word for “light” (He) has a numerical value of 25.
38:14 — Bethlehem’s gematria is 490, noted as the numerical value of “nativity” and “perfect/completed.”
33:10 — Reference to an upcoming Easter season program slated for “the year of 24.”
41:02 — Reference to “this year” meaning the current broadcast year (implicitly 2024).
43:14 — Mention of the year 5785, explaining its Hebrew meaning (“pay”/“mouth”).
46:37 — Statement that “this year, 2025, the year of trusting God.”
48:48 — Reference to the year 2024 as the current context for upcoming windows of heaven.
51:16 — Final wrap‑up on 5785 Rosh Hashanah.
51:24 — Note that Hanukkah is finishing tonight.
53:34 — Mention that “2025, windows are open.”","16:42 — The book mentioned will ship in a few days; pre‑order information is currently relevant.
02:51 — The broadcast date (January 2, 2025) places all time‑specific references (e.g., Hanukkah ending) in a narrow real‑time window.
01:30 — Hanukkah is concluding on the East Coast and about to conclude on the West Coast, making the holiday timing a current event.
01:30 — Discussion of the Hebrew year 5785 as the “year of the window” implies upcoming opportunities and themes for the remainder of that calendar year.
33:10 — Mention of an upcoming Easter‑Passover program to air in “the year of 24,” indicating a future broadcast schedule.
24:15 — Discussion that the Hebrew year 5785 (currently ongoing at the time of recording) aligns with the ages of Joshua and Caleb, implying relevance to the present year.
22:41 — Reference to the year 2025 as a future calendar year, suggesting a forward‑looking time frame.
48:48 — Implication that 2024 is the present year and that upcoming spiritual “windows of heaven” are expected within it.
51:24 — Hanukkah is described as finishing tonight, making the statement time‑sensitive to the broadcast date.
51:16 — Reference to Rosh Hashanah 5785, a specific upcoming Jewish holiday.
53:34 — Statement that “2025, windows are open,” indicating a future expectation for the next calendar year."
HD-P241209-121928,,Laurie Crouch; Debra; Sheila Walsh,Holly Wagner; Robin Wilkerson; Person 1238,"The Better Together Christmas episode, hosted by Laurie Crouch with Sheila Walsh, Holly Wagner, and Robin Wilkerson, explored the biblical meaning of Emmanuel and distinguished lasting, God‑granted joy from fleeting happiness, offering practical habits like nightly Luke readings and acts of kindness to extend Christ’s peace; the panel also shared personal testimonies of loss, illness, and hope, encouraging listeners to trust in Christ’s presence amid holiday stress and future challenges.","The Better Together program aired a Christmas‑themed episode on December 9, hosted by Laurie Crouch and joined by co‑hosts Sheila Walsh, Holly Wagner, and Robin Wilkerson. From the opening minutes (01:38–17:55) the four women greeted a worldwide audience and set the tone for a reflective holiday discussion. Their first focus was the biblical name Emmanuel—“God with us”—and what that presence means for believers amid the bustle of the season. They distinguished “joy” from “happiness,” explaining that happiness is often fleeting and dependent on external circumstances, while joy is a deeper, God‑granted assurance that persists even when life feels chaotic. To illustrate this, each participant offered a personal habit: reading one chapter of Luke each night leading up to Christmas Eve, a practice that grounds the listener in the incarnation narrative and cultivates a steady flow of joy rather than momentary pleasure. The hosts also addressed practical concerns: viewers who feel overwhelmed by holiday preparations, those coping with loss, and those battling health problems were invited to share their struggles. The hosts responded with encouragement, urging listeners to lean on the promise that Christ’s birth brings peace that surpasses understanding. The conversation deepened between 17:59 and 35:23 as the panel turned to the outward expression of that inner peace. They argued that true peace is not a private feeling but a relational posture that manifests when believers focus on others. Simple acts—singing carols together, sharing a meal, offering a kind word—were presented as tangible ways to extend the peace of Christ into the world. Scriptural anchors were cited, especially John 14:27 (“My peace I give to you”) and passages from Romans and Luke that link peace to the presence of the Messiah. The hosts emphasized that peace originates from Jesus, not from the absence of conflict, and suggested concrete habits: smiling at strangers, treating service staff gently, and meditating on biblical promises of God’s steadfast love. Hope was then framed as an “anchor” that steadies believers amid uncertainty, directly tied to the birth of Christ. The panel offered a brief historical note on the Roman “tax Romana,” reminding listeners that even in the first century, the holiday season was marked by economic pressure, yet the gospel message of peace and hope cut through those burdens. Personal testimony added weight to the theological points. One participant recounted a spouse’s cancer diagnosis earlier in the year, describing how the promise of Christ’s presence turned fear into hope and provided comfort during hospital visits. Another shared a vision of 2025 as a “year of trust,” indicating that the present season is a springboard for future reliance on God’s faithfulness. The hosts collectively urged viewers to see the present challenges as opportunities to practice trust, thereby laying groundwork for the coming year. From 35:28 to 53:44 the dialogue shifted to stories of loss, new birth, and renewal. Each speaker narrated a distinct experience: a family mourning a loved one, a couple celebrating a newborn, and a community recovering from economic hardship. In each case, the","01:59 — The program notes it is being recorded on December 9.
09:16 — Sheila Walsh references the year 2024 in relation to the audience’s experience.
29:30 — Reference to the year 2025 as “the year of trust.”
29:36 — Mention of “the year 2025” in a futuristic context.
29:45 — Allusion to movies from the early 80s, 90s, and 2012.
31:33 — Reference to a son who “turns 28 next week.”
35:57 — Reference to ""this year"" when the speaker says a recent event happened.
36:01 — Reference to ""two weeks ago"" when the speaker says they said goodbye to their mother.
38:01 — Reference to ""two days ago this week"" when the speaker mentions the birth of a grandson.
41:42 — Reference to ""new year"" as an upcoming time for fresh starts.
41:49 — Reference to ""new year"" again, noting it as a good time to start over.
42:31 — Reference to ""January 1st"" as a possible deadline for a fresh start.
51:40 — Reference to ""this season"" when praying for those feeling sad because of loss.
53:05 — Reference to ""moving into a new year"" while praying for the upcoming year.","02:02 — Reference to ""a couple weeks ago"" when the idea for a Christmas show was discussed.
01:38 — Suggestion to read one chapter of Luke each night, which would conclude on Christmas Eve—an actionable timeline for viewers.
17:55 — Mention of finding another family to support, implying an ongoing, timely call to action for viewers.
31:33 — Relative date “next week” indicating an upcoming birthday.
31:21 — Question about “big lesson… this year,” indicating a time‑sensitive reflection on the current year.
32:37 — Speaker says “this has been maybe one of the hardest years of my life,” a reference to the current year.
32:46 — Mention that the speaker’s husband was diagnosed with cancer “this year,” a time‑sensitive health event.
33:38 — Reference to “this year” regarding the cancer diagnosis.
34:04 — Speculation about a Christmas tree “this year” possibly being different, indicating a current seasonal context.
34:09 — Mention of an “empty chair at the dinner table this year,” a present‑time family circumstance.
35:05 — Update that “Rich is doing well,” a current health status.
35:57 — The phrase ""this year"" ties the statement to the calendar year of the recording, making it time‑sensitive.
36:01 — ""Two weeks ago"" is a relative‑date reference that will become outdated as time passes.
38:01 — ""Two days ago this week"" is a relative‑date reference that is only accurate near the recording date.
41:42 — Mention of the ""new year"" suggests an upcoming deadline for personal renewal.
41:49 — Again, the ""new year"" is presented as a timely opportunity for change.
42:31 — Reference to ""January 1st"" provides a specific future deadline for starting fresh.
51:40 — The phrase ""this season"" (likely the holiday season) is a time‑bound context for the prayer.
53:05 — The prayer for the ""new year"" is tied to the upcoming calendar year, making it time‑sensitive.
57:09 — Reference to the Christmas season and wishes for families to be blessed during this holiday period.
57:12 — Prayer for families to be blessed this year, implying the current calendar year."
HD-P241121-095338,,Jason Sobel; Lisa; Sheila,Lisa Bever; Person 586; Person 1237; Person 1236; Lester Summerall; John; Arthur Blessed,"Host Jason Sobel and author Lisa Bever lead a discussion on how cultural forces, biblical narratives, and social media shape women’s body image, gender identity, and spiritual challenges, urging the church to protect children, promote critical thinking, and empower believers to speak truth while upholding biblical standards.","The program opens with host Jason Sobel introducing author and co‑founder Lisa Bever, setting the tone for a discussion that quickly turns to personal narratives about body image, gender identity and the cultural forces that shape women’s lives. Early in the segment, multiple participants recount childhood experiences with weight‑scales, illustrating how early measurement becomes a lifelong source of anxiety. A controversial t‑shirt bearing the slogan “the future is male and female” is cited as a flashpoint, prompting the group to trace the phrase “the future is female” back to a 2015 Washington Post article. The conversation then weaves biblical references—Romans 1:26‑27, Romans 12 and Revelation 12:17—into the analysis, suggesting that scriptural language about the serpent and the woman informs contemporary debates about gender. The speakers note that the years 2016, 2020‑2022 have been especially turbulent, and they link the current Chinese zodiac “year of the Dragon,” which also coincides with an election year, to a broader sense of spiritual significance. From the 18‑minute mark onward, the dialogue deepens into what the participants label “spiritual warfare against women.” They describe the enmity between the serpent and the woman as a metaphor for cultural attacks on femininity, emphasizing the urgency of protecting children from harmful ideologies. A vivid anecdote recounts a confrontation with a man who entered a women’s bathroom, illustrating the need for bold, constructive conversation. The group also references a cultural summit that featured a Belgian psychoanalyst, using that encounter to argue for teaching children critical thinking skills. The impact of LGBTQ issues is examined, not as a peripheral concern but as a central challenge to the church’s role in affirming women while maintaining doctrinal truth. The speakers stress that love must be communicated without compromising that truth, urging the church to balance prayerful dependence with active engagement. The third segment, spanning roughly thirty‑four to fifty minutes, shifts to theological reflection on gender, body image and empathy. The participants assert that Jesus, while fully human, can understand human struggle without endorsing every cultural trend. They argue that the church should model empathy by entering the broken places of society rather than remaining in comfortable enclaves. Personal testimonies about the corrosive effect of social media on body image are interwoven with discussions of covenant marriage, suggesting that relational fidelity can serve as a counter‑cultural witness. The speakers call for inclusive dialogue that welcomes diverse voices while upholding biblical standards. A prayerful exhortation follows, affirming women’s intrinsic worth and urging them to speak truth in a culture saturated with falsehoods. In the final minutes, the emphasis turns to empowerment through testimony. The speakers declare that every believer, regardless of formal theological training, possesses a voice to share the love of Jesus. Person 586 recounts a meeting with Lester Summerall, who had predicted several cultural shifts: the dominance of handheld devices, the legalization of same‑sex marriage, and an impending revival. This recollection is used to illustrate that prophetic insight can anticipate societal change and prepare the church for response. Person 1237 shares an","03:03 — Speaker recalls being 15 years old (personal past event).
05:32 — Reference to growing up in Scotland (no specific calendar date).
13:02 — Washington Post article from 2015 about the phrase “the future is female.”
14:33 — Dream set in 2016.
16:09 — Reference to reading Abigail Schreier’s book and events beginning in 2020, 2021, 2022.
17:22 — Statement that the current year is the Chinese “Year of the Dragon.”
17:27 — Mention that it is also an election year.
52:08 — Reference to the year 1984 in the context of a prophetic statement about people being controlled by a box.","12:04 — Comment that the t‑shirt slogan “the future is male and female” generated a viral reaction (922 comments) and immediate backlash, indicating a current, time‑sensitive controversy.
13:28 — Note that 25% of proceeds from a product go to Planned Parenthood, implying ongoing financial support.
17:22 — Reference to the “Year of the Dragon” as the present year, which is a limited‑time cultural marker (2024).
17:27 — Mention of the current election year, indicating a near‑term political context.
21:05 — Reference to ""earlier this year"" when the speaker attended a cultural summit."
HD-P241120-090141,,Matt Crouch; Lori Krause,Dr. Kenneth Cooper; O.S. Hawkins; Isaac Herzog; Person 1813; Person 1814; Person 1818; Person 1225; Person 311; Person 1812; Person 1233; Dr. Cooper; Ken Cooper; Robert Kennedy Jr.; Franklin Graham; Joe McKinney; Fred Meyer,"Matt Crouch and Lori Krause interview Dr. Kenneth Cooper, founder of Cooper Aerobics, who explains how his 1968 book and the Cooper Clinic’s long‑term data demonstrated that regular aerobic exercise markedly reduces risk of chronic diseases and extends lifespan, while outlining a comprehensive, faith‑inspired preventive‑health regimen.","The interview opens with Matt Crouch and co‑host Lori Krause welcoming Dr. Kenneth Cooper, the founder of Cooper Aerobics, and senior professor O.S. Hawkins to the Praise program. From the first minute to the seventeenth, the conversation frames Cooper’s pioneering role in preventive medicine. The hosts trace the origins of his 1968 book *Aerobics*, noting how the text introduced the concept that regular cardiovascular activity could be measured, prescribed, and used to stave off disease. Cooper recounts the early days of the Cooper Clinic, describing how a modest practice in Dallas grew into a national network that has tracked the health of thousands of patients for more than half a century. He emphasizes that the clinic’s data have repeatedly shown a direct correlation between higher levels of cardiovascular fitness and longer lifespan, a finding that has become a cornerstone of modern preventive health. Personal stories from patients illustrate the impact: one individual credits daily walking for a reversal of hypertension, while another, a former smoker, attributes his survival after a heart attack to the disciplined aerobic regimen he adopted after reading Cooper’s book. The segment also weaves in faith‑based reflections, with both host and guests affirming that caring for the body is a spiritual responsibility, and that exercise can be an act of worship. From seventeen minutes thirty‑two seconds to thirty‑two minutes fifty‑three seconds the discussion turns to the breadth of scientific evidence that has accumulated since 1970. Cooper and Hawkins explain that the Cooper Institute began digitizing physical‑exam records in the early 1970s, a step that enabled large‑scale epidemiological studies. The digitized data revealed that moderate, regular exercise reduces the risk of coronary artery disease, type‑2 diabetes, certain cancers, and osteoporosis. The guests outline a comprehensive lifestyle prescription: maintain a healthy weight, follow a balanced diet, engage in consistent aerobic activity, avoid tobacco, limit alcohol, manage stress, obtain adequate sleep, and undergo regular medical examinations. Anecdotes punctuate the data—one participant describes losing thirty pounds and completing a marathon after adopting the Cooper regimen, while another recounts how routine fitness testing uncovered an asymptomatic heart defect that was treated before it became fatal. The conversation also acknowledges resistance from parts of the medical establishment, which historically undervalued preventive care in favor of acute interventions. Cooper clarifies a common statistical misunderstanding: while exercise reduces mortality risk, it does not guarantee immortality, and the benefits are most pronounced when combined with other healthy habits. The segment notes Cooper’s own vitality at age ninety‑three, underscoring that sustained activity can preserve function well into advanced age. The third portion, spanning thirty‑two minutes fifty‑six seconds to forty‑six minutes twenty‑one seconds, delves into the systemic challenges and successes of preventive medicine. Cooper reflects on a career that has spanned more than six decades, emphasizing that preventive care is often less profitable than procedural medicine, which has limited its adoption in many health‑care settings. He cites patient retention statistics that show individuals who engage in regular fitness programs are more likely to remain loyal to a clinic,","02:49 — Reference to Dr. Kenneth Cooper as founder of Cooper Aerobics (no calendar date given).
03:49 — Mention of Cooper’s work beginning in the 1960s.
06:07 — 150,000 joggers in 1968 when Cooper’s book was released.
06:12 — 34 million joggers by 1990.
07:42 — Dr. Cooper is 93 years old.
14:58 — Isaac Herzog says his first physical at the Cooper Clinic was 40 years ago.
15:07 — Isaac Herzog notes that Cooper found his cancer early 15 years ago.
16:55 — Cooper’s first book published in 1968.
17:02 — Cooper left the Air Force in 1970 to start the Cooper Aerobics Center.
14:16 — Reference to “over 50 years later” from the 1960s work.
17:32 — Reference to data collection that began in 1970.
19:24 — Mention of Dr. Cooper’s original book published in the 1960s.
29:35 — Statement that Dr. Cooper is 93 years old.
24:14 — Reference to a patient’s 61st birthday and running the Boston Marathon at 86 years of age.
34:08 — January 2021 – the first article the speaker wrote in Decision Magazine.
34:27 — 2025 – the program with Decision Magazine is planned to continue through this year.
38:30 — Reference to a narrative that began 50 years ago.
38:46 — 2007 – start of the Fitness‑Gram program in Texas.
39:25 — 2008 – year the first Fitness‑Gram testing evaluated 1.8 million children.
44:01 — 2000 – the year the speaker moved to Dallas.
44:16 — 2008 – meeting at a church where Dr. Cooper discussed a health workup.
40:55 — 15 years ago – hypothetical earlier adoption of preventive advice.
46:45 — Speaker says, ""If I die tomorrow, I'm 90 years of age"" – a relative‑date reference to the next day.
46:56 — Reference to an epiphany at age 29 that changed the speaker’s career.
47:55 — Mentions that Dr. Cooper and Isaac Herzog discovered cancer ""within a week of each other"" – a short‑term time span.
52:24 — Notes that the Cooper Clinic ""started back in the 60s"" – a reference to the 1960s decade.
55:56 — Isaac Herzog says, ""if the Apostle Paul was sitting here today"" – a present‑time reference.
56:02 — Speaker asks how to explain going from ""ground zero 54 years ago"" to a worldwide phenomenon – a 54‑year span from the start of the clinic.","06:46 — Claim that the CNN interview has been downloaded 729,600,000 times worldwide.
09:26 — Statement that Cooper Clinic patients now have an average life expectancy of 88.6 years versus the U.S. average of 78–79 years.
10:34 — Finding that the top 20 percent of patients had 36 % less Alzheimer’s/dementia, 40 % less chronic kidney disease, and 40 % lower health‑care costs at ages 65‑75.
10:59 — Assertion that health‑care spending is “twice as much” in the U.S. and that the country ranks 15th in longevity.
11:13 — Description of the Cooper Clinic data repository containing over 150,000 patients and two million person‑years of follow‑up (numbers will change as the database grows).
12:13 — Claim that Cooper’s 1968 book *Aerobics* became a catalyst for worldwide change (impact measured at the time of the interview).
12:36 — Statement that lecture requests for Dr. Cooper were “pouring in” (a time‑sensitive indication of demand).
13:55 — Comment that many people still need a “push” to exercise despite medical consensus changing over 50 years.
19:14 — “50 years later” – indicates a time span from the 1960s publication to the present discussion.
29:35 — Age claim that Dr. Cooper is 93 years old, which will change as time passes.
24:14 — Reference to a patient’s 61st birthday and age 86, a specific point in time that will become outdated.
34:14 — Encouragement to subscribe to Decision Magazine (ongoing subscription offer).
34:27 — Program continuation through 2025 – a future deadline for the magazine series.
37:14 — Robert Kennedy Jr. recently selected as HHS secretary – a current political appointment.
38:10 — Statistic that 40 % of children have at least one chronic condition – a present‑day health concern.
38:46 — Fitness‑Gram program implementation began in 2007 and has been ongoing; relevance to current school health initiatives.
39:25 — Results from 2008 testing of 1.8 million children – data still cited for current policy discussions.
40:55 — Hypothetical benefit if preventive measures had been adopted 15 years earlier – a time‑sensitive reflection on missed opportunities.
46:45 — The claim that the speaker will die ""tomorrow"" is time‑sensitive and only accurate at the moment of recording.
46:56 — The age‑29 epiphany is a past personal milestone; its relevance is fixed to the speaker’s life timeline.
47:55 — The statement that cancer diagnoses occurred ""within a week of each other"" is a short‑term, time‑bound event.
52:24 — Reference to the clinic’s origin in the 1960s provides historical context but is not a current deadline.
56:02 — The ""54 years ago"" figure is relative to the recording date; it will change as time passes."
HD-P241119R-114508,,Matt Crouch; Lori Crouch,Mark Batterson; Person 1488; Person 311,"The episode of “Praise” features author‑pastor Mark Batterson and co‑hosts Matt and Lori Crouch discussing how everyday phenomena— from billions of molecules in a breath to cosmic scale—are “a million little miracles” that reveal a “big, close, and good” God, offering three steps—gratitude, perspective shift, and faith—to recognize them, and includes a testimony of a 40‑year asthma healing as proof of God’s work through ordinary, seemingly unqualified people.","The broadcast opens with a brief promotional spot for the television program “Praise,” then moves directly into a conversation led by author‑pastor Mark Batterson and the show’s co‑hosts, Matt and Lori Crouch. From the outset the trio frames the episode around a single, expansive idea: the world is filled with “a million little miracles.” They begin by juxtaposing the grand, almost incomprehensible scale of creation—Earth’s rotation, the staggering number of molecules that pass through each breath, the immeasurable breadth of the universe—with a more intimate portrait of God who is simultaneously vast, near, and benevolent. The hosts argue that many believers confine God to a limited, four‑dimensional perspective, seeing Him only as a distant authority rather than a “big, close, and good” presence that permeates everyday life. To broaden that view, they suggest three practical steps: cultivate gratitude, deliberately shift one’s perspective, and step out in faith even when the path seems uncertain. Biblical passages are woven throughout the opening segment to illustrate the theological point. Isaiah is cited to remind listeners of God’s sovereignty over the cosmos, while the stories of Abraham and Gideon serve as archetypes of individuals who responded to God’s call despite limited resources or understanding. The conversation also leans on scientific facts—such as the precise count of molecules inhaled in a single breath—to underscore that miracles are not only supernatural events but also the ordinary, measurable wonders that surround us. Throughout, the speakers repeatedly reference Batter’s forthcoming book, “A Million Little Miracles,” positioning it as a guide for listeners who wish to recognize and celebrate these daily gifts. At 20 minutes and 43 seconds the tone shifts from conceptual exposition to personal testimony. The hosts introduce a guest identified only as “Person 1488,” who recounts a dramatic healing from a 40‑year battle with asthma. The breakthrough occurred after a bold prayer on July 2 2016, a moment the guest describes as a tangible encounter with God’s power. This narrative is used to illustrate the episode’s central claim: that God often works through those who feel “the least qualified” yet are nonetheless called. Matt Crouch reinforces this by drawing parallels to biblical figures such as Esther, who risked her life for her people, and David, who faced giants despite his youth. He also invokes the fictional character Frodo, suggesting that ordinary individuals can bear extraordinary burdens when they trust a “close, big God.” The discussion returns to the theme of unworthiness, urging listeners to act in faith even when they feel inadequate. The conversation then turns to the creation and promotion of Batterson’s book. The guest shares that his own writing journey was marked by repeated failure before he found a voice that resonated. He mentions a 28‑year ministry in Washington, D.C., during which he learned to employ his “weak hand” for God’s work—a metaphor for using perceived limitations as instruments of divine purpose. This anecdote serves both as a testimonial to the book’s authenticity and as an illustration of the episode’s broader message: failure and","23:38 — July 2nd, 2016 – the date Person 1488 prayed a bold prayer for lung healing.","08:18 — Announcement that the book “A Million Little Miracles” is “out today,” indicating a time‑sensitive release and urging listeners to obtain it while it is newly available.
23:16 — Reference to a 40‑year period of asthma and inhaler use, indicating a long‑term health condition.
31:35 — Mention of a 28‑year ministry span in Washington, D.C., describing the length of service.
32:11 — Statement that 28 years later the speaker now leads one of the biggest churches in the Washington, DC area.
40:12 — Invitation to surrender to Jesus “right here, right now,” implying an immediate action.
45:57 — Announcement that the book “You flew in a million little miracles” is “out now,” indicating current availability.
51:42 — Repeated statement that the book is “out today,” urging listeners to obtain it promptly."
HD-P241113R-134204,,Matt Crouch; Lori Crouch,Neil Arnold; Diane Arnold; Person 1220; Person 1223; Person 311,"Matt and Lori Crouch’s Praise program debut featured Sunflower Bank CEO Neil Arnold and his wife Diane, who candidly discussed how Neil’s affair created a “spiritual emergency” and how they restored their marriage and mental health by applying biblical principles and cognitive‑behavioral habits from their new book “12 Habits for a Sound Mind and Joyful Life.”","Matt and Lori Crouch opened their Praise program in Dallas with a candid interview that set the tone for a deep exploration of marriage, mental health, and spiritual restoration. Their first guest, Neil Arnold, the chief executive of Sunflower Bank, introduced himself as a man whose life had been shaped by four decades of Christian faith. He spoke plainly about a hidden chapter of his past: an affair that had shattered the trust at the core of his marriage. Neil’s confession was not presented as a sensational confession but as a case study in the way sin can erode intimacy, create shame, and destabilize a family’s spiritual foundation. He described the moment he realized the affair had become a “spiritual emergency,” noting how the guilt he carried manifested in anxiety, sleeplessness, and a sense of being cut off from God’s presence. Joining Neil was his wife, Diane Arnold, a marriage counselor who had been called to the same public platform to share the other side of the story. Diane’s narrative focused on the void that had grown between them—a lack of emotional and physical intimacy that left both partners feeling isolated. She explained how the couple’s attempts to “fix” the problem through surface‑level solutions—more date nights, prayer groups, or counseling that ignored the underlying heart issues—only deepened the wound. Diane emphasized that the real work began when they stopped trying to control each other’s behavior and instead surrendered the hurt to God, allowing forgiveness to become an active, daily decision rather than a one‑time event. The Arnolds referenced their newly released book, “12 Habits for a Sound Mind and Joyful Life,” as the framework that guided their recovery. The book, they explained, is built around twelve practical habits that align biblical principles with contemporary mental‑health strategies. One habit, for example, is the intentional “renewing of the mind,” a phrase they borrowed from Romans 12:2 but expanded with cognitive‑behavioral concepts. They described thought patterns as neural pathways that, over time, become entrenched “ditches” in the brain. When negative thoughts are repeatedly reinforced, the ditches deepen, making it harder to think differently. The Arnolds illustrated this with a personal anecdote: Neil’s automatic thought after the affair was, “I am unlovable,” which triggered a cascade of self‑defeating behaviors. By deliberately “re‑digging” those ditches—identifying the thought, challenging its truth, and replacing it with a scriptural truth—they began to reshape their mental landscape. The conversation moved seamlessly from personal testimony to broader parenting concerns. Matt Crouch asked the Arnolds how they applied the same principles to raising children. Neil answered that trusting God in parenting meant allowing children to encounter real struggles rather than shielding them from every discomfort. He cited research showing that children who experience manageable stress develop resilience, a concept he linked to the biblical idea of “refining fire.” Diane added that the same “renewing of the mind” approach could be taught to kids through age‑appropriate workbooks that blend scripture with cognitive‑behavioral exercises. She described a pilot series they were developing, which","08:23 — Matt Crouch states that the recording day is his son’s birthday and gives the calendar date November 13, 2024.
30:38 — Reference to ""today November 13th"" as a calendar date.
43:22 — Matt Crouch states “today's the 13th of November,” indicating the recording date.","10:08 — Neil says he had been a Christian for over 40 years when he fell, indicating a long‑term personal timeline.
15:33 — Neil notes it took “two or three years” to walk through the restoration of their marriage.
08:23 — Reference to the specific date November 13, 2024 as the day of the recording (son’s birthday).
30:38 — Mention of ""today November 13th"" creates a time‑sensitive reference that is only current on that specific date.
43:22 — Reference to the specific calendar date (13th of November) which may be relevant to listeners for contextual timing."
HD-P241112R-101652,Original: 2024-11-12 | Last: 2026-04-28,Matt Crouch; Lori Krause,Bob Goff,"Bob Goff appears on the Praise program to explain “whimsy” as purposeful anticipation that transforms ordinary Christian life into intentional, faith‑driven action, illustrated by his shift from corporate law to philanthropic projects in Uganda and a giraffe habitat, and reinforced by stories of spontaneous compassion and practical tools for daily discipleship. The hosts connect his vision to TBN’s initiatives, emphasizing small, courageous steps, intentionality, and embracing uncertainty over comparison.","Bob Goff’s appearance on the Praise program, hosted by Matt Crouch and Lori Krause, unfolds as a sustained meditation on what Goff calls “whimsy” and its capacity to reshape ordinary Christian practice into a life of intentional, faith‑driven action. From the opening minutes (01:31–18:41) Goff frames whimsy not as frivolity but as “purposeful anticipation,” a forward‑looking posture that invites believers to see the world through the lens of God’s promises. He traces his own trajectory from a corporate lawyer to a philanthropist, underscoring that the shift was less a career change than a re‑orientation of identity: the law had taught him how to argue, but the gospel taught him how to love. This personal narrative grounds his later discussion of concrete projects—a series of schools in northern Uganda and a future giraffe habitat that will serve both wildlife conservation and community development. Goff insists that these ventures are not ends in themselves; they are mirrors held up to people, reminding them of their “identity in Christ.” The hosts echo this, linking Goff’s whimsical vision to new initiatives at Trinity Broadcasting Network (TBN), suggesting that the same anticipatory spirit could fuel larger, strategic undertakings within the network’s global ministry. The conversation deepens between 18:46 and 35:40 as Goff and Crouch move from theory to practice. They agree that living out the Christian faith does not require a pulpit; it requires “taking action, creating safe spaces, and focusing on immediate needs like feeding the hungry.” Goff recounts a surfing rescue in which he leapt into the water to save a stranger, using the episode to illustrate how spontaneous, compassionate response can become a conduit for the gospel. Crouch adds a story of post‑conflict village building, describing how a handful of volunteers erected homes for families displaced by war. Both anecdotes serve a dual purpose: they demonstrate that faith can be expressed in tangible labor, and they reveal the psychological shift required to move from planning to doing. The hosts warn against the “pitfalls of comparison,” noting that believers often measure their impact against others’ achievements, which breeds paralysis. Instead, they champion embracing uncertainty, allowing the unknown to become a catalyst for purpose rather than a source of fear. The dialogue repeatedly returns to the idea that whimsy—an openness to surprise—creates the conditions for these “small, courageous steps.” From 35:44 to 53:21 the focus narrows to the mechanics of daily discipleship. Goff and Crouch discuss the “small steps of faith” that accumulate into lasting change, invoking biblical passages that link suffering with character formation and hope. Goff shares a tender anecdote about his grandchildren, illustrating how intergenerational relationships can become laboratories for grace. He introduces a practical tool—a “talking pillow”—designed to foster honest conversation within families, thereby modeling vulnerability as a spiritual discipline. The segment is peppered with specific dates—August 14th and March 30th—used as anchors for personal milestones, reinforcing the notion that each day carries “365 days of possibility.” The hosts stress that intentionality, not grand gestures, is the engine of transformation;","20:46 — Matt Crouch references ""32 years ago"" when discussing a prompting to reach the ungodly.
29:39 — Matt Crouch mentions ""September 1st"" while opening the book ""Catching Whimsy"".
31:15 — Matt Crouch references ""October 26th"" in relation to a previous devotion about pursuing purpose.
40:03 — Reference to August 14th as a hypothetical day when speaking truth and love helps everyone grow up.
48:57 — Reference to March 30th in the context of being available like Jesus.","03:25 — Bob Goff mentions being married for ""38 years, two months, 19 days""
03:31 — Bob Goff says he was a lawyer for ""28 years""
15:26 — Matt Crouch references a promise the Lord gave ""32 years ago""
13:34 — Person 311 describes the program as a ""30, 365 day devotional""
29:39 — The reference to ""September 1st"" suggests a specific devotional entry or upcoming content tied to that calendar date.
20:46 — The ""32 years ago"" remark provides a historical time frame that frames the origin of a media initiative.
31:15 — The ""October 26th"" mention points to a past devotional, indicating a recurring or scheduled series.
40:03 — August 14th is presented as a future or hypothetical date for applying the principle of speaking truth and love.
48:57 — March 30th is cited as a past date to illustrate an example of being available.
42:44 — Mention of ""365 days of possibility"" implies an ongoing, year‑long timeframe for daily practice.
48:41 — Reference to ""27383 is going to go by pretty fast"" suggests an upcoming or imminent event tied to that number.
54:22 — Matt mentions his parents bought a TV station ""51 years ago"".
55:51 — Reference to ""Catching Whimsy, 365 Days of Possibility"" – a year‑long program invitation.
55:55 — Invitation to a year‑long journey into daily possibilities.
56:21 — Announcement that ""Catching Whimsy"" is available now."
HD-P241107-121257,,Person 1185; Person 1213; Person 1211; Greg Laurie,"Louis Zamperini; Louis Zamperini (referred to as Louie, Louis Zamperini, Louis Amperini); Russell A. Phillips (Phil); Cynthia Applewhite (Zamperini’s wife); Mutashiro Watanabe (nicknamed The Bird); Billy Graham; Cliff Barrows; Beverly Shea; Louie Zamperini","Louis Zamperini, a celebrated 1936 Olympic runner, survived a 47‑day drift after his B‑24 was shot down, endured brutal Japanese POW camps, and later overcame severe PTSD and alcoholism through a Christian conversion that led to his redemption.","Louis Zamperini’s life unfolded as a dramatic arc of triumph, suffering, and redemption that has resonated through books, film, and public testimony. Born in the early twentieth century, Zamperini rose from a troubled childhood in California to become one of the United States’ most celebrated athletes. At the 1936 Berlin Olympics he ran the 5,000‑meter race, a competition that placed him on the world stage and even brought him into contact with Adolf Hitler, an encounter he later recalled with vivid detail. His Olympic fame, however, was only the prelude to a far more harrowing saga that began when he answered the call to serve his country in World War II. In 1943 Zamperini was assigned as a bombardier on a B‑24 Liberator named the “Green Hornet.” On May 27, 1943, the aircraft was intercepted and shot down over the Pacific Ocean. The crash left Zamperini and two crewmates adrift on a makeshift life raft. The three men faced a hostile sea teeming with sharks, relentless sun, and the constant threat of enemy aircraft. At one point a B‑25 strafed the raft, forcing them to cling to the wreckage while bullets splintered the wood around them. Their survival hinged on improvisation: they fashioned a sail from a parachute, rationed the scant water they could collect, and used a small fishing line to catch whatever food the ocean offered. The raft, battered and leaking, drifted for 47 days and covered roughly 2,000 miles before finally reaching the Marshall Islands. The ordeal left the two survivors dead; Zamperini alone endured the full length of the journey, his body and spirit worn thin by exposure, hunger, and the ever‑present fear of death. Rescue did not bring freedom. Japanese forces captured Zamperini shortly after he washed ashore. He was transferred to a series of prisoner‑of‑war camps, the most infamous of which was overseen by a guard known as “The Bird.” The Bird’s cruelty was legendary: he beat, starved, and humiliated inmates with a sadistic relish that left deep psychological scars. Zamperini’s own accounts describe being forced to stand for hours, beaten with a wooden stick, and subjected to demeaning punishments designed to break his will. Yet even in those bleak conditions, he clung to the discipline forged on the track and in the air, finding ways to keep his mind occupied and his body as fit as possible under the circumstances. The war’s end liberated Zamperini, but the return to civilian life proved no easier than surviving the Pacific. He struggled with severe post‑traumatic stress, turning to alcohol as a means of numbing the relentless flashbacks of the raft, the shark attacks, and the torments of the Japanese camps. His marriage suffered, and his health deteriorated. It was his wife, Cynthia, who urged him to attend a Billy Graham crusade in the early 1950s. The evangelical meeting sparked a profound conversion; Zamperini embraced Christianity, an experience he described as a “new birth” that gave him the strength to confront his past. The faith that","02:13 — 1936 Olympics in Germany
02:18 — 1936 Olympics in Germany (repeated mention)
07:04 — Post‑World War II period when people thought Zamperini had died
07:41 — Late 1940s‑1950s: early talks of a movie about his life
07:49 — Zamperini was about 93‑94 years old in his 90s
07:52 — Zamperini died at about 97 years old
08:10 — 1936 Olympics in Germany (again)
09:06 — World War II service aboard the plane ""Green Hornet""
12:08 — Depression era (1930s) when Zamperini traveled to Europe
12:46 — 1936 Olympic trials in New York City
13:08 — 1936 Summer Games in Berlin
16:52 — September 1941 enlistment in the Army Air Corps
17:41 — May 27 1943: take‑off of the B‑24 ""Green Hornet""
20:36 — Start of the 47‑day drift in the South Pacific
27:08 — Reference to a message received on August 11th from the Japanese government accepting the Potsdam Declaration.
27:32 — Statement that by September 1945 the war was over.
23:00 — Mention of “47 days adrift” before reaching the Marshall Islands.
22:18 — Reference to a B‑25 bomber that strafed the raft for about a half hour.
20:44 — Description of a 20‑foot great white shark encountered while at sea.
40:16 — Louie returned to Japan in 1952.
42:24 — Louie carried the Olympic torch in Los Angeles Coliseum in 1984.
42:28 — Louie carried the Olympic torch again at age 80 in 1998 in Nagano, Japan.
42:38 — Louie Zamperini died on July 2 2014 at age 97.
50:10 — Reference to the ministry’s 50‑year history of sharing the gospel.","07:49 — Reference to Zamperini being in his mid‑90s, indicating the conversation took place when he was approximately 93‑94 years old (circa 2014‑2015).
07:52 — Statement that Zamperini died at about 97, a recent past event (he died in 2014).
08:18 — Mention of Zamperini being at the speaker’s church in his 90s, a time‑sensitive personal encounter.
20:36 — Beginning of the 47‑day drift narrative, a historical event that concluded in 1943.
27:08 — The acceptance of the Potsdam Declaration by Japan, a pivotal event marking the end of WWII.
27:32 — The claim that the war ended by September 1945, establishing a historical deadline.
23:00 — The 47‑day duration of being adrift, a time‑sensitive survival claim.
22:18 — The half‑hour strafing by a B‑25, indicating a specific duration of the attack.
50:10 — Mention of the organization’s 50‑year anniversary, a milestone that is time‑sensitive as it marks a specific elapsed period."
HD-P241031-182123,,Matt Crouch; Person 1199,Charles Ward Smith; Greg Laurie,"A continuous interview with Matt Crouch and Person 1199 chronicles Pastor Chuck Smith’s life—from his childhood faith, conversion and departure from medical school, through the rise of the Jesus Revolution and Calvary Chapel, personal tragedies, and his recent health battle—culminating in a public invitation to faith.","The interview, conducted by Matt Crouch and an additional host identified only as Person 1199, is a comprehensive tribute to the life and ministry of Pastor Charles Ward Smith, better known as Chuck Smith. The program unfolds in a single, continuous conversation that moves from Smith’s earliest memories through the formation of the Jesus Revolution, the expansion of Calvary Chapel, personal tragedies, and his recent health battle, concluding with a public invitation to faith. The opening segment, which occupies the first twenty‑four minutes, establishes the narrative arc by allowing Smith to recount his childhood in a modest, faith‑centered home. He describes a formative miracle in which his sister, gravely ill, recovered after a prayerful intervention, an event that impressed upon him the power of divine healing. At fourteen, Smith experienced a personal conversion, a moment he characterizes as a decisive turning point that redirected his ambitions from a prospective medical career to biblical study. He explains that, after enrolling in medical school, the conviction that God was calling him to ministry grew so strong that he left his studies to attend a Bible college, a decision that set the stage for his later influence. During the same early portion, Smith introduces Kay, his future wife, whose partnership would become integral to his ministry. He narrates how their meeting was orchestrated by mutual friends within the church community, and how Kay’s spiritual discernment guided many of his subsequent choices, including the willingness to relocate and to support emerging ministries. The conversation then shifts to the broader cultural context of the late 1960s, when a wave of disaffected youth—often labeled “hippies”—sought meaning beyond the prevailing materialism. Smith explains that his small congregation in Costa Mesa, California, became a magnet for these seekers, largely because of an openness to contemporary music and a relaxed worship style that contrasted sharply with traditional evangelical services. The second segment, spanning roughly nineteen minutes, deepens the historical portrait by detailing Smith’s pastoral trajectory and personal hardships. He recounts pastoring several churches before the establishment of Calvary Chapel, noting a dramatic incident in Prescott, Arizona, where a boulder fell near the sanctuary, an event he interprets as a divine warning that prompted a relocation. The narrative then turns somber as Smith describes the loss of his father and brother in a plane crash, a tragedy that tested his faith and reinforced his reliance on Scripture for comfort. He credits Kay’s steady presence during this period, emphasizing that her counsel often shaped his decisions about church planting and outreach. Smith also reflects on his role in the early Jesus movement, highlighting his collaboration with charismatic figures such as Lonnie Frisbee. He explains that Frisbee, a former street preacher with a reputation for miraculous signs, was introduced to the Smith family through mutual acquaintances. Frisbee’s ability to connect with the countercultural youth accelerated the growth of the fledgling congregation, leading to a rapid increase in attendance between 1970 and 1972. This surge necessitated a move to larger facilities and sparked","02:06 — Reference to the Vietnam War, Watergate, moon landing, racial strife, and nuclear war threats (late 1960s‑early 1970s context).
19:05 — Mention of the year 1971 (or 1972) as the time a church startup was funded.
16:26 — Statement that Chuck and Kay have been married for 63 years.
19:42 — Reference to “30 years plus” since the Harvest Crusade began.
28:07 — Reference to the year 1969/1970 as the beginnings of Chuck Smith’s involvement in the Jesus movement and Calvary Chapel.
41:56 — Smith references the year 1970 as the time Calvary Chapel began to “take off.”
44:19 — Person 1199 notes that by 1972 critics claimed the Jesus movement was over, but it was actually just beginning to expand.
45:43 — Smith mentions a discussion that took place “the Saturday before” the interview regarding his lung cancer.","08:54 — Chuck’s conversion experience at age 14 (a personal past event).
07:50 — Reference to “two months later when I was born” – a relative time reference to his birth.
16:26 — Claim of a 63‑year marriage, which will change as time passes.
19:05 — Mention of 1971/1972 as a historical year; the exact year is uncertain.
19:42 — Reference to “30 years plus” since the Harvest Crusade, a relative‑date claim.
19:44 — Statement that seven million people have attended the Harvest Crusade in person, a cumulative figure that will increase over time.
41:56 — Historical claim about the start of Calvary Chapel’s growth in 1970; relevant for timelines of the Jesus movement.
44:19 — Reference to 1972 as a turning point; important for understanding the early‑1970s expansion of the movement.
37:21 — Discussion of Smith’s right‑lung cancer diagnosis and his expressed “perfect peace,” a current health status that may change.
37:21 — Host notes that the interview was conducted after Smith learned of his cancer, implying the remarks could be among his final public statements.
37:21 — Smith’s indication that, if he were to give a final sermon, he would choose John 3:16—highlighting a personal, potentially last‑minute theological emphasis."
HD-P241030-151830,,Matt Crouch; Lori Crouch,Max Licato; Max Lucado; Person 1197 (Max Lucado); Person 1163; Max Locato,"Matt and Lori Crouch discuss the nation’s political, social and mental‑health anxieties amid the 2024 election, framing them within a Christian worldview and urging listeners to find hope in Christ’s return rather than political outcomes, while guest author Max Lucado explains how believers can move from fear to spiritual preparedness for future events.","The program opens with Matt and Lori Crouch confronting a nation that feels “in the middle of a chaotic climate,” a phrase that captures the swirl of political, social, and mental‑health crises that dominate the public square as the United States approaches a presidential election. The hosts immediately frame these anxieties within a Christian worldview, pointing listeners to the hope of Christ’s return as the ultimate anchor. Their guest for this opening segment is Colorado‑based pastor and author Max Licato—identified elsewhere in the broadcast as Max Lucado—who joins the conversation to explore how believers can navigate anxiety, depression, and the alarming rise in suicide rates without becoming captive to the turbulence of the moment. The Crouches employ a vivid metaphor of a runway delay to illustrate the sensation of being stuck: just as an aircraft must wait for clearance before it can take off, many Christians feel immobilized by the uncertainty of current events. Yet the hosts stress that the Christian response is not to wait passively for political outcomes, but to look forward to the promised return of Christ. Biblical passages are woven throughout the discussion. Genesis is invoked to remind listeners of God’s original design and purpose for humanity, while Revelation and the angelic message to the disciples (the “great tribulation” warning) underscore the tension between awaiting a future heavenly state and living faithfully in the present. The Crouches encourage “productive action” and “respectful prophetic discussion,” urging believers to engage the world responsibly while keeping their eyes fixed on the eschatological horizon. They note that the election is only seven days away—Wednesday, October 30—signaling that the political moment is imminent but not the ultimate determinant of God’s plan. At 19:49 the focus shifts to a more in‑depth interview with Max Lucado about his new book *What Happens Next?* The title itself signals a transition from fear to preparedness. Lucado explains that the book is intended to move believers from being “scared” about the end‑times to being “prepared.” He recounts a personal theological journey: originally an amillennialist, he changed to a premillennial perspective after intensive study of the books of Daniel and Revelation. This shift is presented not as a doctrinal triumph but as a practical re‑orientation that equips Christians to answer the question, “What happens next?” when the world seems to be spiraling. The conversation turns concrete when a listener mentions the idea of building a bunker. Lucado acknowledges the impulse to seek physical security but redirects the emphasis toward spiritual readiness. He argues that the true “bunker” is a heart anchored in Christ, fortified by Scripture and prayer. The hosts reference prior study sessions and date stamps from earlier discussions, reinforcing that this dialogue is part of an ongoing series that has been tracking the evolving cultural climate. The current date—October 30, 2024—serves as a temporal marker that situates the audience at the cusp of the election, heightening the urgency of the message. From 39:13 to 50:37 the dialogue deepens its exploration of anxiety about world events.","01:42 — Matt Crouch states the current date as October 30th, Wednesday.
25:52 — Lucado says the green‑room conversation happened ""a year ago, that was in 2023, in January"".
28:18 — Matt states ""today is October 30th, 2024"".
28:27 — Lucado says ""I bet it was two and a half years"" referring to the January meeting.
28:31 — Matt corrects, ""no, you're absolutely right. Yeah. It's 22 years ago"" (referring to a previous timeframe).
28:47 — Matt asks about Lucado’s view ""five years ago"".
28:50 — Lucado says ""I cannot back up 10 years ago because that's when our church... 20 years ago"".
38:58 — Lucado reports a listener said ""just 24, less than 24 hours ago"" they are building a bunker.
39:37 — Reference to the September 11 attacks (9‑11).
42:13 — Reference to an event that occurred 51 years ago (the founding of Trinity Broadcasting).
42:55 — Mention of ""seven days before a national election"" in the United States.
46:03 — Reference to ""this election"" (the upcoming national election).","01:42 — Reference to a national election occurring in about seven days (approximately November 6th), making the election a time‑sensitive upcoming event.
00:41 — Mention that the next big event is a presidential election, indicating relevance to the near‑future political calendar.
38:58 — A listener is currently building a bunker within the next 24 hours, indicating an immediate, time‑critical action.
28:18 — The statement that ""today is October 30th, 2024"" makes any references to ""today"" or ""now"" time‑sensitive to that specific date.
42:55 — The statement that the conversation is occurring seven days before a national election makes the timing of the remarks time‑sensitive to that specific election cycle.
46:03 — Reference to ""regardless of what happens in this election"" indicates the content is tied to the outcome of the upcoming election."
HD-P241017R-140954,,Matt Crouch; Laurie Crouch,N.T. Wright; Person 78,"Matt and Laurie Crouch host New Testament scholar N.T. Wright in an Oxford‑style studio, where he argues that the literal, bodily resurrection of Jesus was the catalyst for the early church and redefined the kingdom of God as God’s reign breaking into history, contrasting this view with both liberal mythic interpretations and modern evangelical dispensationalism.","The program opens with Matt and Laurie Crouch welcoming the renowned New Testament scholar N.T. Wright to a studio that has been transformed to resemble an Oxford lecture hall. The hosts quickly establish Wright’s academic pedigree: a former professor of New Testament studies at Oxford, author of a prolific series of books on Pauline theology, and an ordained Anglican priest since 1976. This framing sets the tone for a conversation that moves from biographical detail to a deep‑seated theological inquiry about the resurrection of Jesus and its implications for the Christian understanding of the kingdom of God. Wright, who the hosts affectionately call “Tom,” begins by distinguishing the historical Jesus from the theological constructs that have accumulated around him. He argues that the earliest followers of Jesus interpreted the resurrection not as a symbolic or metaphorical event but as a literal, bodily rising that inaugurated a new creation. In his view, this bodily resurrection was the decisive catalyst for the formation of the early church, providing the power and hope that propelled the disciples to proclaim a kingdom that was already breaking into the world. Wright critiques both liberal scholarship, which often reduces the resurrection to a mythic or psychological experience, and traditional evangelicalism, which he says sometimes isolates the resurrection from its broader eschatological context. The discussion then shifts to the evolution of the concept of the kingdom. Wright traces a trajectory that begins with Jesus’ own radical re‑definition of “kingdom” language. Rather than endorsing a violent overthrow of Roman authority, a distant heavenly realm, or an apocalyptic end‑times scenario, Jesus, according to Wright, presented the kingdom as the reign of God breaking into history through the resurrection. This reinterpretation, Wright suggests, was a direct challenge to the prevailing expectations of a messianic deliverer who would restore Israel’s political independence. From this point, the conversation moves into a historical analysis of how later theological currents reshaped the kingdom motif. Wright points to the third‑century church, where the influence of Platonic philosophy began to infuse Christian thought with a dualistic worldview that privileged the spiritual over the material. He notes that medieval debates further entrenched this split, leading to a theology that often treated the physical world as a lesser arena for salvation. The hosts underscore how these philosophical imports contributed to a secularizing trend in Western thought, a development that, in Wright’s assessment, has caused many contemporary Christians to retreat into “escapist” theologies that either deny the bodily resurrection or relegate it to a private, spiritual experience. Matt Crouch then contrasts Wright’s historical‑critical perspective with the dominant dispensationalist framework that has shaped much of American evangelicalism since the nineteenth century. He references figures such as Hal Lindsey, whose “End Times” narratives popularized a literalist, futurist reading of Revelation, and Paul Bilheimer, who has promoted a “new creation” vision that nonetheless remains tethered to a futurist eschatology. Billy Graham’s evangelistic campaigns are also mentioned as vehicles for disseminating a version of the kingdom that emphasizes personal salvation over corporate, cosmic","04:12 — Wright was ordained as an Anglican priest in 1976.
18:56 — Reference to the third century when certain theological ideas began to develop.
19:58 — Reference to the third, fourth, and fifth centuries regarding the evolution of Christian thought on the kingdom of God.
21:05 — Reference to the “first century” as the period when Jesus lived.
30:42 — Mention of the historian Josephus as a source for first‑century resurrection disputes.
31:00 — Identification of the Sadducees (conservatives) and Pharisees (revolutionaries) in the first‑century Jewish context.
31:31 — Reference to the Maccabean heroes in 2 Maccabees, a second‑century BCE text.
32:44 — Hal Lindsey’s best‑selling book of the 1970s.
33:00 — Dispensational theology traced back to John Nelson Darby (1800s) and the Schofield Bible.
33:38 — Paul Bilheimer’s book “Destined for the Throne,” popular in the 1960s‑1970s.
38:06 — Foreword of Bilheimer’s book written by Billy Graham, a prominent mid‑20th‑century evangelist.
28:59 — Reference to Daniel 9’s “70 times 7” prophetic period (biblical chronology).
53:21 — Reference to “summer in 2024” as the time of the interview.
38:59 — Discussion of the forthcoming book “God’s Homecoming,” expected in spring 2025 or possibly summer/fall 2025.
38:59 — Mention of the abolitionist movements in America and Britain during the 18th and 19th centuries.","53:21 — The interview’s reference to “summer in 2024” indicates the recording’s contemporary context; the information is time‑sensitive as it situates the discussion in a specific season and year.
38:59 — The projected release window for Wright’s new book (“spring 2025” or “summer/fall 2025”) is a future‑dated claim that may become outdated after publication."
HD-P241015R2-144541,,Sheila Walsh; Matt Crouch,Kirk; Person 1193; Person 711; Kirk Cameron,"Kirk Cameron recounts his rise from child actor to sitcom star on *Growing Pains*, his 1990s conversion to Christianity after hearing Chuck Swindoll, and how that faith reshaped his priorities, marriage to co‑star Chelsea, and decision to adopt four children alongside his two biological kids.","Kirk Cameron opens the conversation by tracing the arc of his life from a precocious child actor to a public witness of his Christian faith. He recalls that his first forays into entertainment were modest, “little gigs” that filled his childhood with the rhythm of auditions and set calls. The pivotal moment arrived when he was fourteen and, after a “late audition,” secured the role of Mike Seaver on the hit sitcom *Growing Pains*. That casting not only launched his career but also introduced him to the woman who would become his wife, Chelsea, a fellow cast member. Cameron describes the early days on set as a whirlwind of teen fame: teen magazines clamored for his picture, call times were early, and the camaraderie among the cast was intense. Yet beneath the glossy surface he sensed a spiritual emptiness, describing his pre‑conversion worldview as one that “put God in the same category as the Easter Bunny and Santa Claus.” The turning point in his belief system came through a sermon by Chuck Swindoll, a moment that sparked a personal prayer and a subsequent immersion in apologetic literature. Cameron explains that the combination of hearing a compelling gospel message, engaging his mind with reasoned defenses of the faith, and experiencing a heartfelt prayer led him to embrace Christianity. This conversion was not an isolated event; it rippled through his family, prompting his parents and siblings to explore faith themselves. He emphasizes that the shift altered his priorities, moving him from a pursuit of fleeting fame toward a desire for “lasting, eternal impact.” The interview then widens as Matt Crouch, the host, invites other participants to share their own *Growing Pains* memories. Person 1193, who is in fact Kirk Cameron, recounts a humorous backstage incident involving a “numbing liquid” used during an on‑stage kiss, a story that illustrates the absurdities of television production. He also jokes about his beard, a visual trademark that has become part of his public identity. Person 711, a professional actress married to a pro‑hockey player, offers a contrasting perspective on balancing a demanding career with family responsibilities, underscoring the varied paths that former child actors have taken. Their dialogue drifts into nostalgic territory, touching on the origins of the Trinity Broadcasting Network (TBN) and the role of mothers who arranged meetings that shaped their careers. Returning to Cameron’s narrative, he expands on the dynamics of the *Growing Pains* set during the 1980s and early 1990s. He describes the cast as a “close‑knit” group, bound by long hours and the pressure of teen stardom. The show’s success created a platform for his personal life: he met Chelsea on set, they married, and together they built a large family. Cameron details the family’s composition—four adopted children followed by two biological children, totaling six. He explains that adoption was a conscious expression of his Christian convictions, a way to model “moral values” and demonstrate the gospel’s call to care for the vulnerable. Cameron does not shy away from the tensions","21:01 — Person 1193 mentions being 50 years old.
26:32 — Reference to the founding year of TBN, 1973.
32:10 — Person 1193 says he started on Growing Pains at age 14.
32:46 — He describes his routine from ages 14 to 20.
39:11 — The show *Growing Pains* started in 1984 and finished in the early 1990s.
34:54 — Leonardo DiCaprio appeared on *Growing Pains* in its final season.
34:32 — Reference to ""nine nine seasons"" (likely nine seasons) of the show.
51:17 — Reference to the mid‑1980s when Kirk Cameron was called to be on the cover of Tiger Beat magazine.","04:15 — Kirk states he was nine years old when he first started doing commercials.
04:39 — He says he was about 14 years old when he auditioned for the TV show Growing Pains.
06:34 — Reference to “nine seasons” of the network series Growing Pains.
07:19 — Kirk mentions being 18 years old at the time of his conversion experience.
08:13 — He says he was about 17 years old when a friend took him to church and he heard Chuck Swindoll.
15:05 — Kirk notes that he and his wife have been married for 30 years.
21:01 — Current age reference (""now I'm 50"") indicates a time‑sensitive personal milestone.
17:08 — References to ages 14‑20 describe a past period of his childhood and early career, relevant to his personal timeline.
26:32 — The year 1973 is a historical date marking TBN’s founding; it is a fixed past event.
33:36 — Call times began around 9 a.m. for school and rehearsals.
34:28 — The interviewee expected the show to end and planned to return to school to become a doctor.
35:44 — Adopted a baby named Jack, then later adopted Bella, Anna, and Luke.
36:01 — Chelsea became pregnant, leading to two more biological children.
36:08 — At one point the family had six children, all seven years old or younger.
37:00 — The interviewee reflects on his faith, stating he could be “faking this whole thing.”
41:07 — He describes trusting that God is orchestrating events for good.
42:38 — He prepares for his talk‑show *Takeaways* by praying on questions that wake him up at 2–3 a.m.
43:43 — Mentions homeschooling his children after private Christian school options became unsatisfactory.
45:05 — Notes that he became a Christian about halfway through the series, creating tension with writers and producers.
46:02 — At age 17‑18, he challenged script decisions on moral grounds.
48:38 — Describes writing out the Book of Matthew by hand in his trailer as a spiritual practice.
49:58 — Expresses desire to hear “Well done, my good and faithful servant” at the end of his journey."
HD-P240930R-155301,,Person 1185; Person 980,Mel Gibson; Randall Wallace; Dennis Quaid; Jonathan Rumi; John Irwin; Kelsey Grammer; Lonnie Frisbee (as a historical figure referenced in the film); Greg (mentioned as a reference point for the Jesus Revolution story); Randall Wallace (mentioned); Mel Gibson (mentioned),"The discussion examines how Hollywood’s portrayals of Jesus—centered on Mel Gibson’s shift from *Braveheart* to *The Passion of the Christ*—have sparked a resurgence of overtly Christian cinema, including a planned Resurrection sequel, and explores the blend of faith, personal heritage, and industry dynamics that drive “weaponized art” aimed at evangelism.","The discussion opens with a tightly focused meditation on how Hollywood has rendered the figure of Jesus, using the career of Mel Gibson as a central thread. The speakers trace Gibson’s evolution from the epic war drama *Braveheart*—a film whose production, they claim, was punctuated by a prayer‑driven breakthrough that helped secure its financing—to the polarizing yet undeniably influential *The Passion of the Christ*. They describe *The Passion* not merely as a box‑office event but as a cultural watershed that re‑energized a generation of believers and opened a market for overtly Christian cinema. The conversation moves quickly to a proposed sequel that would dramatize the Resurrection, a script co‑written with Randall Wallace, the screenwriter behind *Braveheart*. The participants recount behind‑the‑scenes anecdotes that illustrate the blend of faith and camaraderie on set: a light‑hearted arm‑wrestling challenge that broke tension during a long shoot, and a moment when a collective prayer is said to have cleared a financial obstacle, allowing *Braveheart* to proceed. These stories serve to underscore a recurring theme: that spiritual conviction can translate into tangible artistic outcomes. From the 19‑minute mark the dialogue widens to personal genealogy trips to Scotland, where the speakers discovered the historical William Wallace. The narrative shifts from personal heritage to professional inspiration, explaining how the discovery of Wallace’s story sparked the idea for a screenplay that eventually attracted Gibson and a cadre of filmmakers. The participants argue that the mythic resonance of Wallace’s struggle mirrors the biblical narrative of redemption, making it fertile ground for evangelistic storytelling. They cite *Ben‑Hur* as a classic example of a secular epic that nonetheless shaped personal faith, noting how its themes of betrayal, suffering, and triumph echo the gospel. The term “weaponized art” is introduced to describe media that deliberately seeks to influence hearts for Christ, a concept they link to earlier Christian filmmaking efforts and to contemporary projects such as *The Chosen*, the ongoing series *The House of David*, and the anticipated Resurrection sequel. The speakers name‑check Hollywood figures like Dennis Quaid, suggesting that even mainstream actors are becoming aware of the evangelistic potential of their work. The conversation stresses that modern media must adapt to reach audiences saturated with digital content, positioning faith‑based films as both cultural counter‑weight and bridge to the lost. At 36 minutes the format becomes a round‑table, with host Person 980 moderating a group that includes Persons 1139 and 1185, as well as guests Dennis Quaid, John Irwin, Kelsey Grammer, and actor Jonathan Rumi. The panel explores how believers navigate a secular industry while maintaining doctrinal integrity. They reference the 1970s Jesus movement as a historical precedent for cultural‑spiritual synergy, and they recall a 1999 screening of *The Omega Code* that sparked a wave of interest in apocalyptic cinema among evangelical circles. The participants share conversion testimonies that illustrate the ripple effect of on‑screen narratives: a viewer moved by *The Chosen* who later joined a church, a young filmmaker inspired by *Jesus Revolution* to pursue a script about early church planting, and","08:08 — Reference to an event ""about 12 years ago"" when Mel Gibson was thanked by evangelicals for The Passion of the Christ.
16:29 — Mention of the ""mid-'80s"" as the period when Randall Wallace was an aspiring screenwriter.
16:38 — Statement that Wallace’s answer to his prayer came ""10 years later"" when Braveheart was released.
16:44 — Observation that ""nearly three decades later"" Braveheart remains an iconic epic.
39:03 — Reference to the original Jesus Revolution movement in the 1970s.
42:39 — Mention of a 1999 moviegoer seeing *The Omega Code* sold‑out signage.
46:29 — Jonathan Rumi’s career timeline: by May 2018 he was desperate and then received the role in *The Chosen*.
45:10 — Personal conversion story occurring when the speaker was 17 years old (no calendar year given).","10:09 — Rumor that a follow‑up to The Passion (a film about the Resurrection) is being planned, implying a future production.
14:12 — Host mentions an upcoming arm‑wrestling demonstration with Mel Gibson, indicating a planned on‑stage activity.
26:19 — Reference to ""the last few years"" regarding changes at TBN.
26:25 — Reference to ""25 years ago or 50 years ago"" when the network was started by the parents.
27:21 — Mention of a new series called ""The House of David"" that is slated to be released ""later this year.""
41:33 — Comment that “the public is speaking and saying, we want these films,” implying a current audience demand.
42:07 — Statement that “this is a great moment for us to seize and step into this space with the message of the gospel,” indicating a present‑time opportunity.
44:00 — Host asks “what is your role at this point in the show?” – a reference to the ongoing live discussion.
51:01 — Speaker says “This has all been set up for you… you’re watching this and this has all been for you,” a direct appeal to the current audience.
52:46 — Speaker says he will “get to this on my deathbed,” indicating a future personal deadline.
53:13 — Reference to “over 50 years” of leading the prayer, a relative‑date duration.
55:35 — Statement that “today marks the perfect day,” a relative‑date reference to the recording day.
55:20 — Mention of “over 50 years” of testimonies, a relative‑date duration.
55:23 — Reference to “over 50 years” of people tuning in, a relative‑date duration.
55:26 — Again notes “over 50 years” of stories, a relative‑date duration.
56:41 — Discussion of rising suicide rates among younger people, a time‑sensitive social issue."
HD-P240917R-075131,,Matt Crouch; Lori Crouch,Pastor Alan Jackson; Alan Jackson,"The episode introduces TBN’s new “Praise” initiative and announces a daily show, “Alan Jackson Now,” as the network pivots toward a more confrontational, issue‑driven approach, with co‑founder Matt Crouch and guest Pastor Alan Jackson arguing that the church must present an uncompromising, truth‑filled biblical worldview on cultural and political matters.","The program opens with a promotional lead‑in for “Praise,” immediately establishing the tone of a network‑wide initiative aimed at revitalizing Christian broadcasting. Matt Crouch, co‑founder of Trinity Broadcasting Network, introduces himself and his wife Lori as the hosts, then welcomes Pastor Alan Jackson of World Outreach Church as the guest. The early minutes (01:30‑19:10) are spent outlining a series of strategic developments for TBN: the inauguration of new studios, a partnership with Merit Street Media, and the forthcoming “Better Together” milestone that signals a concerted effort to unify the network’s global audience. This framing positions the conversation not merely as a talk show but as a platform for institutional renewal. Within this opening segment, Pastor Jackson articulates a theological premise that undergirds the entire episode: faith must be lived as transformation rather than confined to abstract study. He recounts how the COVID‑19 pandemic exposed a deep‑seated distrust of institutions, prompting many believers to question the relevance of the church. Jackson argues that the church’s response must be a “truth‑filled proclamation” that speaks with moral clarity, not with the anger that often accompanies cultural criticism. He emphasizes the church’s role as a healing place, a sanctuary where brokenness can be addressed through honest engagement rather than complacent compromise. The dialogue touches on cultural engagement, noting that the church has historically been marginalized in public discourse, a point illustrated by a reference to the Olympic opening ceremony, which he uses as a metaphor for the world’s tendency to celebrate spectacle while ignoring spiritual realities. Transitioning at 19:17, the conversation sharpens its focus on cultural and political re‑engagement. Matt Crouch steers the discussion toward specific biblical worldviews on marriage, abortion, and education, insisting that the church must move beyond “past approaches” that have left it on the periphery of societal debates. The hosts critique earlier strategies that either watered down doctrine to gain acceptance or retreated into isolation, arguing that both have failed to protect the core values of the faith. They propose a model that presents Jesus authentically—unvarnished, demanding, and compassionate—while also addressing the practical concerns of everyday believers. A concrete outcome of this strategic pivot is the announcement of a new daily television program, “Alan Jackson Now,” slated to air on TBN. The show is described as a rapid‑response platform that will tackle “real‑time cultural topics,” positioning Pastor Jackson as a thought leader who can translate biblical principles into commentary on current events. The hosts link this initiative to the broader historical shifts in Christian media, noting that the medium has moved from passive preaching to interactive, issue‑driven content. They also reference the upcoming 2024 election, suggesting that the program will serve as a conduit for influencing public discourse and encouraging voters to consider a biblical perspective on policy. From 38:06 to 53:28, the interview deepens into personal testimony and concrete policy concerns. Matt Crouch refers to Pastor Jackson as “Person 915,” a designation that underscores his role as a representative voice for a generation of believers seeking clarity amid cultural","11:02 — Reference to ""by the end of 2020"" when the speaker stopped trusting the CDC.
11:02 — Mention of ""by the end of that year"" indicating the same 2020 timeframe.
11:09 — Reference to ""four years later"" from the 2020 point, placing the comment around 2024.
27:15 — Reference to the year 2024 as an election year.
27:20 — Mention that 2024 is an election year.
27:24 — Allusion to the upcoming election influencing the new show.
27:31 — Statement that his dad passed away about 10 years ago.
28:46 — Reference to a 2010 airplane trip with his dad.
29:13 — Mention of a conversation with Mike Huckabee roughly 15 years ago.
35:00 — Mention that 2020 was a significant year for church change.
41:00 — Reference to “a day… his dad saw coming 10 years ago” – a past event ten years prior to the recording.
43:19 — Mention of being baptized at the Sheraton Hotel in Fort Lauderdale “about 40 years ago.”
44:39 — Statement that the hotel kiss happened “41 years ago.”
47:03 — Reference to “2024” when discussing the phrase “what is a woman.”","04:30 — Announcement that the ""Better Together"" show is about to shoot its thousandth episode ""next week"".
07:47 — Statement that ""Alan Jackson Now"" is a brand‑new broadcast ""on the air"" and will be featured daily on TBN.
11:09 — Relative reference ""four years later"" indicating a future point relative to 2020 (i.e., 2024).
18:10 — Discussion of the Olympic opening ceremony mocking Christians, implying a forthcoming event (the next Summer Olympics).
27:15 — Upcoming 2024 election, implying political relevance for the new program.
27:31 — Reference to his dad’s death 10 years ago, a personal time‑sensitive context.
28:46 — 2010 event (airplane trip) cited as a past milestone.
29:13 — Approximate 15‑year‑old conversation with Mike Huckabee, indicating a past strategic moment.
35:00 — 2020 identified as a pivotal year for church shifts, relevant to recent changes.
37:15 — Promotion of the daily “Alan Jackson Now” TV show airing at 7 p.m. for the next five months.
47:03 — Comment that the phrase “what is a woman” will be said in 2024, indicating a future‑dated cultural reference.
41:00 — Mention of a vision “10 years ago” that may influence current programming decisions; the ten‑year reference is relative to the recording date.
43:19 — Reference to an event “about 40 years ago,” which situates personal anecdotes in a historical timeframe.
44:39 — Reference to an event “41 years ago,” providing a temporal anchor for the anecdote."
HD-P240910R3-145707,,Matt Crouch; Laurie Crouch,Joyce Meyer,"Joyce Meyer discusses her life, ministry, and the central message of her new book *What About Me?*—that selfish, “robotic” thinking must be reprogrammed through the gospel, trust in God, and daily acts of generosity.","Joyce Meyer sat down with Matt and Laurie Crouc h for a two‑hour conversation that unfolded as a vivid, chronological portrait of her life, her ministry, and the central theme of her new book, *What About Me?* From the opening minutes, the dialogue was framed by a striking metaphor: Meyer described the mind’s selfish impulses as a “robot” that repeats the same self‑centered thoughts until it is reprogrammed by the gospel. She explained that the robot’s programming—“I need this, I deserve that, I’m not good enough”—mirrors the biblical call to “die to self” and to trust God rather than personal desire. This metaphor set the tone for the entire interview, anchoring personal anecdotes in a theological framework that would be revisited throughout the program. Meyer’s testimony began with childhood trauma. She recounted an abusive environment that left her with a deep, lingering fear of abandonment. The fear, she said, manifested later as a defensive habit of keeping people at arm’s length, a protective “robotic” response that made her appear self‑sufficient while actually starving her of authentic connection. She linked that early experience to the “selfishness versus generosity” conflict that dominates the book. In her own words, the robot’s default mode is to protect the self, but the Christian call is to rewire that circuitry through faith in Jesus, allowing the heart to become a conduit for God’s love. The conversation moved quickly to Meyer’s marriage to Dave. She described the marriage as both a source of profound blessing and a crucible of hardship. Early on, the couple faced financial strain, health crises, and the lingering shadows of Meyer’s past abuse. Rather than allowing these pressures to reinforce the robot’s self‑preservation, Meyer said she learned to “hand over the steering wheel” to God, trusting Him to provide even when her own instincts screamed for control. Matt Crouch highlighted this shift by asking how trust in God altered her approach to giving. Meyer answered that trust is not passive; it is an active decision to do good to others while believing that God will meet one’s own needs. She illustrated this with a story about a time she gave a substantial donation to a ministry despite feeling financially insecure; the next day, an unexpected provision arrived, confirming her belief that generosity unlocks divine provision. Throughout the first half of the interview, Meyer repeatedly emphasized that selfishness is not merely a moral failing but a spiritual condition that blocks the flow of God’s power. She cited the biblical principle that “faith without works is dead,” arguing that true faith must be expressed in tangible acts of generosity. Laurie Crouch pressed her on practical steps listeners could take, and Meyer offered a three‑point plan: (1) identify a “self‑centered thought” as it arises, (2) replace it with a Scripture‑based truth, and (3) act on that truth by serving someone else that day. This process, she claimed, is the daily reprogramming of the robot. The second segment deepened the discussion of trust. Meyer shared a vivid",,49:58 — Announcement of the upcoming release of Joyce Meyer’s book “What About Me?” – a future event referenced as a new book launch.
HD-P240829-114054,,Matt Crouch,Darryl Strawberry; Tracy; Daryl; Person 1172; Person 1175; Greg,"The program features an extended interview about former MLB star Darryl Strawberry’s rise to fame, his struggle with drug addiction, and how a woman named Tracy helped him begin sobriety, followed by a discussion on how personal relationships, humility, mentorship, and faith in God are presented as essential for redemption and lasting transformation.","The program opens with a lengthy interview that centers on the life of former Major League Baseball star Darryl Strawberry. From the first minute and a half to the seventeenth minute and thirty‑six seconds, Matt Crouch guides the conversation, inviting participants to recount Strawberry ’s early aspirations, his ascent to national fame, and the subsequent descent into drug addiction. The speakers describe how Strawberry’s childhood dream of playing professional baseball was realized, yet the pressures of the spotlight soon collided with personal vulnerabilities. They detail the pattern of success followed by relapse, noting that the athlete’s talent could not shield him from the grip of substances. A pivotal figure emerges in the narrative: a woman named Tracy, whose intervention is credited with pulling Strawberry out of his drug use. The testimonies emphasize that Tracy’s love and persistence acted as a catalyst for his first steps toward sobriety, illustrating the broader theme that personal relationships can become the conduit for redemption. At the point marked seventeen minutes and forty‑two seconds, the discussion shifts to the spiritual dimensions of the participants’ own journeys. The speakers speak of surrendering to God as a necessary response to the emptiness that fame and athletic achievement can generate. They share concrete hardships—such as mounting debt, the inability to obtain a driver’s license, and the strain of growing up in economically disadvantaged circumstances—underscoring that even those who appear successful may be wrestling with profound insecurity. Daily devotion emerges as a practical discipline that helps them maintain humility and perspective. The dialogue also touches on the relentless scrutiny of the media and the volatile reactions of fans, illustrating how public life can amplify personal failings. Mentorship is highlighted as a counterbalance: older believers who model accountability and guide younger athletes away from destructive choices. The speakers argue that humility, rather than the trappings of fame, is essential for lasting transformation. From thirty‑three minutes and three seconds to forty‑nine minutes and twenty‑four seconds, the conversation deepens its focus on the paradox of material wealth and spiritual void. The participants assert that fame and financial success, while outwardly impressive, often mask an inner desolation that cannot be satisfied by money or accolades. They recount personal episodes of addiction and family hardship, linking these experiences to a broader theological claim: true fulfillment is found only through a relationship with God, repentance, and a solid grounding in Scripture. The speakers invoke the biblical narrative of Saul’s conversion to Paul, using it as a paradigm for radical change that is available to anyone, regardless of past sins. They stress that redemption is not limited to a select few; rather, it is an open invitation that requires both divine grace and human response. The segment repeatedly urges listeners not to abandon those who have strayed, reminding them that perseverance in prayer and witness can catalyze change. The final segment, from forty‑nine minutes and thirty‑one seconds to fifty‑five minutes and forty seconds, is delivered by a participant identified as Person 1175. This speaker crystallizes the","18:02 — She wakes up every morning at 5:30 AM to be with God.
18:07 — She maintained this routine for about 19–20 years.","01:31 — Speaker references being a drug addict (personal condition, not a calendar date).
02:19 — Speaker says ""Then all of a sudden, I really still can't get out of this dark hole"" – a current personal state.
02:30 — Speaker mentions being ""$3 million in debt"" – a financial condition at that time.
04:04 — Reference to Darryl Strawberry's father being abusive in his youth (past event).
05:31 — Speaker recalls a younger age when he told his sister about wanting to be a pro baseball player (past personal ambition).
09:40 — Speaker confirms having dreams of becoming a professional athlete at age 14.
09:44 — Speaker states he was 14 years old when he decided to pursue baseball.
10:42 — Speaker mentions his mother raising him after his father left (past family circumstance).
11:03 — Speaker describes choosing a ""heathen lifestyle"" after his mother’s death (past decision).
15:47 — Speaker discusses past abusive behavior toward his first and second wives (historical personal actions).
16:40 — Speaker reflects on becoming like his father, a past personal transformation.
17:01 — Reference to Alice Cooper’s drug use and his wife’s intervention (past event).
17:21 — Speaker notes Tracy was not his wife at the time but played a pivotal role in his recovery (past relationship).
53:34 — Reference to ""Over 50 years"" indicating the length of time the ministry has been active."
HD-P240821R-192441,,Bob,Person 72; Person 1164; Person 1155; Person 1165; Person 1166; Person 1156; Person 1158; Person 1167; Person 1162; Pastor Ray; Matt Crutch,"The conversation chronicles TBN’s early entry, loss, and resurgence in Sub‑Saharan Africa—highlighting its 1994 Johannesburg studio launch after apartheid, the 2016 satellite relaunch on DSTV and StarTimes, and a 2022 headquarters renovation—while emphasizing partnerships with local leaders like Pastor Ray McCauley and the network’s impact on viewers’ spiritual lives.","The recorded conversation opens with a detailed recounting of the rise, fall, and resurgence of Trinity Broadcasting Network’s (TBN) presence in Sub‑Saharan Africa, focusing especially on South Africa. The speakers trace the network’s early forays into the continent, noting that the original signal was eventually lost after an adversarial takeover that left the ministry without a broadcast outlet for two full years. This interruption, they explain, was a pivotal moment that forced TBN to reconsider its strategy for reaching African audiences. The narrative then moves forward to the launch of a second African station, a development that signaled a renewed commitment to the region and coincided with the historic end of apartheid. The dismantling of institutional segregation opened the door for new media ventures, and TBN seized the opportunity to establish fresh studios in Johannesburg, positioning itself at the heart of a newly democratic nation. The chronology continues with a series of milestones that illustrate both the network’s longevity and its adaptive growth. The speakers celebrate the 1994 election of Nelson Mandela, framing it as a watershed event that not only transformed South Africa’s political landscape but also created a fertile environment for Christian broadcasting. They then mark the 2013 celebration of TBN’s 25‑year ministry anniversary, a moment that underscored the network’s endurance despite earlier setbacks. The most recent physical upgrade is described as the 2022 renovation of the Johannesburg headquarters, a project that modernized the facilities and prepared them for expanded production. The timeline culminates with the 4 March 2016 relaunch of TBN Africa—referred to as “TBN Year 2”—on the satellite platforms DSTV and StarTimes, a move that restored 24‑hour access to the network’s programming across the continent. Transitioning from the historical overview, the discussion shifts at the 24‑minute mark to a more personal and thematic exploration led by Bob. He frames the relaunch and expansion as a testament to faith, legacy, and partnership. Central to this theme is the collaboration with local leaders, most notably Pastor Ray McCauley, whose involvement exemplifies the network’s strategy of integrating indigenous voices. Participants in the conversation share testimonies that illustrate how TBN’s programming has tangibly impacted their lives, offering concrete examples of spiritual encouragement, community building, and personal transformation. These anecdotes serve to humanize the broader historical narrative, showing that the network’s technical achievements translate into lived experience. Bob also addresses the logistical challenges of establishing broadcasting studios in a continent marked by diverse infrastructure constraints. He describes the painstaking process of outfitting studios with the necessary equipment, negotiating transmission agreements, and training local staff. The speakers emphasize that these hurdles are not merely technical; they are also cultural, requiring sensitivity to language, worship styles, and regional sensibilities. The conversation repeatedly returns to the theological symbolism of the cross, interpreting the network’s perseverance as a reflection of the “finished work of Jesus.” This theological framing reinforces the idea that the network’s mission is not simply to broadcast content but to participate in a larger redemptive narrative. A recurring motif throughout the dialogue","05:37 — 1994 – Nelson Mandela became South Africa’s first black president.
05:00 — Early 1990s – Apartheid regime ended and political prisoners were freed.
06:09 — 2013 – TBN Africa had ministered in Southern Africa for over 25 years.
08:28 — 2022 – New headquarters in Johannesburg began renovations under station manager Lucky Mbiko.
18:25 — 4 March 2016 – Relauch of TBN in Africa (TBN Year 2) celebrated.
12:34 — Approximately 10‑12 years ago – Period when TBN lost its voice in Africa.
35:56 — Reference to the year 2018, December, two days (context unclear but a specific calendar year is mentioned).
47:26 — Reference to the year 2024 as orchestrated by God.
47:42 — Mention of “the times of the 1980s.”
47:57 — Reference to “the late 2000s.”","06:43 — Reference to the channel being off‑air for over two years (a past outage that had a finite end).
07:28 — Statement that 54 nations of Sub‑Saharan Africa are now connected to the TBN Africa channel (current reach).
21:00 — Current location in the Master Control Playout Facility in Johannesburg – a present‑time operational detail.
24:02 — Future work announced: studios to outfit and productions to make (upcoming tasks).
40:38 — Bob refers to “today” as a unique day for TBN in Africa, indicating a current event at the time of recording.
41:02 — Bob mentions “today” again while describing the launch of TBN Yetu and its availability across Sub‑Saharan Africa.
42:35 — Bob asks “What next now for TBN here in Africa?” indicating a forward‑looking, time‑sensitive planning discussion.
44:21 — Bob references “today” when speaking about the finished work of the cross and its impact on lives.
45:15 — Person 1159 discusses misunderstandings of the finished work of Jesus in Africa, a contextual, present‑time observation.
49:15 — Statement that “this day is all about” turning mess into a message, implying a present‑time event.
50:10 — Repeated “Thank you, Jesus” and gratitude expressed for help received, tied to the current moment.
51:04 — Reference to “this beautiful story” being told today.
52:09 — Invitation to pray together now.
54:07 — Future‑oriented claim that “our future here is bright” for TBN Africa."
HD-P240813R2-132959,,Matt Crouch; Matt Krause,Donald Trump; Pastor Alan Jackson; Lieutenant Governor Dan Patrick; Chris Gutierrez; Dr. Phil; Person 915; Person 1147; Person 1069,"A televised panel hosted by Matt Crouch and Matt Krause turns a recent assassination attempt on former President Donald Trump into a theological discussion, with Trump and other guests interpreting the event as a divinely timed test of national and personal faith, while also linking it to broader political and moral implications.","The broadcast opens with a preview of a new program titled “Praise,” but the conversation quickly pivots to a recent, highly charged event: an assassination attempt on former President Donald Trump in Butler, Pennsylvania. The hosts—Matt Crouch and Matt Krause—frame the incident as more than a news story, positioning it as a theological moment that demands interpretation. The panel, which includes Trump himself, Pastor Alan Jackson, Lieutenant Governor Dan Patrick, commentator Chris Gutierrez, and Dr. Phil, each bring a distinct lens to the discussion, yet they converge on the notion that the episode is a test of divine sovereignty and human humility. From the outset, the participants invoke Scripture to anchor their reflections. Ecclesiastes 3:11 is cited to suggest that “God has made everything beautiful in its time,” implying that the timing of the attack may serve a larger, inscrutable purpose. Isaiah 41:10 is offered as a reassurance of God’s protective presence, while Jeremiah 39:18 is referenced to illustrate how God can turn a moment of crisis into a catalyst for national renewal. The conversation also draws a historical parallel to the 1981 shooting of President Ronald Reagan, suggesting that moments of violence against leaders can become turning points that galvanize a nation’s resolve. Matt Crouch steers the dialogue toward the practical implications of such an event. He asks whether the attempt on Trump’s life should reshape personal choices and national policy. The panelists respond with a mixture of reverence and urgency. Pastor Jackson emphasizes humility before God, warning that pride can blind believers to divine warning signs. Lieutenant Governor Dan Patrick argues that the incident underscores the need for stronger moral leadership, urging viewers to “stand up for the truth” in their communities. Chris Gutierrez adds a political dimension, suggesting that the attack could rally the base and influence upcoming elections. Dr. Phil, known for his focus on personal responsibility, frames the episode as a reminder that individuals must examine their own hearts and motivations. The segment then transitions into a more introspective segment lasting roughly twenty minutes, where the focus shifts from the public event to personal purpose. Donald Trump, now a guest rather than a host, outlines a framework he calls “ten defining moments, seven critical choices, and five pivotal people.” He recounts several near‑death experiences, including the Butler incident, and describes them as signs that his mission—to speak truth about family, faith, and freedom—is divinely ordained. Trump’s narrative is interwoven with anecdotes about his family’s prophetic encouragement, especially from his children, who he says have repeatedly affirmed his destiny. Matt Crouch, acting as facilitator, prompts each participant to articulate why they are present in the world. Dr. Phil speaks about the importance of mental health and resilience, linking personal well‑being to a larger spiritual calling. Person 915 shares a testimony of overcoming addiction through faith, while Person 1147 describes a career shift that occurred during the March 2020 pandemic, interpreting the abrupt change as a divine redirection toward media work that serves a higher purpose. Person","11:27 — Reference to a verse written by Charles Spurgeon on July 13, 1893.
14:01 — Mention of the year 1984 as a parallel to Ronald Reagan’s experience after being shot in 1981.
14:20 — Reference to Ronald Reagan being shot in 1981.
29:42 — Reference to ""32 years ago"" as a past event.
35:51 — Reference to ""March of 2020"" when the world shut down.","02:31 — Announcement that the upcoming “Praise” program is “tonight,” indicating a same‑day broadcast.
19:38 — Speaker says “He’s doing really well today,” a statement tied to the day of the recording.
19:47 — Call to action for communities to “stand up for the truth that we know,” implying an immediate, ongoing effort.
13:46 — Reference to the upcoming election (“beyond winning an election”), indicating a future political event.
43:53 — Reference to the current election year, indicating a time‑sensitive political context.
38:24 — Discussion of goals for the next one to two years for the studio, indicating a near‑future planning horizon."
HD-P240807R-204116,,Matt Crouch,Dennis Quaid,"A televised interview at the Ronald Reagan Presidential Library features hosts Matt and Laurie Crouch speaking with actor Dennis Quaid about his upcoming biopic “Reagan,” exploring the film’s focus on Reagan’s faith, personal life, political rise, Cold‑War role, and Quaid’s own spiritual redemption, with production details and a planned August 30 theatrical release.","The televised interview recorded at the Ronald Reagan Presidential Library unfolds as a sustained conversation between host Matt Crouch, his co‑host Laurie Crouch, and actor Dennis Quaid, identified in the transcript as Person 1133. The dialogue, which runs from the opening minutes through more than an hour of broadcast, is organized around the development and thematic intent of Quaid’s forthcoming biopic titled “Reagan.” From the outset, the hosts frame the film as a vehicle for exploring Ronald Reagan’s historical impact, his personal faith, and the broader cultural resonance of his presidency. In the first segment, spanning 01:34 to 22:13, Matt Crouch prompts Quaid to recount his own spiritual journey as a prelude to discussing Reagan’s faith. Quaid describes a childhood baptism, a subsequent period of disillusionment, and an exploratory phase that led him through several religious traditions. He recounts a decisive moment in the early 1990s when, after a stint in rehabilitation, he returned to a renewed Christian belief. This personal narrative is presented not merely as background but as a lens through which Quaid approached the portrayal of Reagan’s humanity. He emphasizes that understanding Reagan’s own religious convictions was essential to rendering a credible performance, noting that Reagan’s public persona was intertwined with a “father‑figure” leadership style that resonated with many believers. The conversation then shifts to concrete recollections of Reagan’s life at the Western White House on the Reagan Ranch. Quaid shares anecdotes about the ranch’s atmosphere, illustrating how Reagan’s private life informed his public demeanor. The hosts use these stories to underscore the film’s intention to depict Reagan as a multidimensional figure—part statesman, part family man, and part spiritual leader. The hosts also broach the theme of second chances, linking Reagan’s own political resurgence after a career in acting to Quaid’s personal narrative of redemption. From 22:22 to 43:38 the discussion broadens to encompass Reagan’s career transition from Hollywood to the Oval Office, the 1981 assassination attempt, and the geopolitical context of the Cold War. Matt Crouch elicits Quaid’s perspective on Reagan’s shift from actor to politician, highlighting how Reagan’s communication skills, honed on screen, translated into persuasive public speaking. The hosts examine the assassination attempt as a pivotal moment that tested Reagan’s resolve and deepened his reliance on faith. The dialogue then moves to the Soviet side of the narrative, with reference to Mikhail Gorbachev’s beliefs and the diplomatic dynamics that facilitated the Cold War’s denouement. Quaid underscores Reagan’s role in fostering a climate that allowed Gorbachev’s reforms to take hold, framing the president as a catalyst for the eventual fall of the Berlin Wall. Specific production details of the biopic emerge in this segment. The film is slated for theatrical release on August 30, and principal photography took place at locations chosen for their symbolic resonance: the Oklahoma Masonic Temple, which stands in for Reagan’s early political venues, and a replica of Air Force One, used to dramatize presidential travel. Quaid recounts a personal anecdote about witnessing the Berlin Wall’s collapse in 1989‑1990, describing the","06:50 — Reference to 1983 as “the year of the Bible.”
13:19 — Mention of the early 1990s (1990, 1992) as the period when Quaid experienced a renewed personal relationship with Jesus.
11:06 — Reference to being baptized at age nine (no calendar year given).
11:34 — Reference to the late 1960s and early 1970s as a time of cultural and spiritual exploration.
07:41 — Mention of the Reagan Ranch, noting it is not open to the public.
31:06 — Film release date: August 30th (year not specified).
38:23 — Reference to the year 1989, when the Berlin Wall began to come down.
38:27 — Reference to the year 1990, when the wall was being taken down and the speaker was present.
38:31 — Reiteration of the year 1990.
39:24 — Mention that the Berlin Wall was built in 1961 (the speaker’s birth year) and torn down in 1989 (the speaker’s son’s birth year).
48:53 — Reference to the theater date August 30th for the film’s release.
55:43 — Reiteration that the film is in theaters on August 30th.
49:15 — Mention of people born before 1990 recalling past America.
50:55 — Reference to the feeling of unity after 9/11.
53:56 — Reference to the 1980s regarding the guest’s mother.
54:27 — Comment that the film will come out ""next month"".","05:40 — Statement “I am about to start the biggest war of this century,” implying a pending conflict without a specific date.
06:12 — Quotation “Mr. Gorbachev, tear down this wall,” referencing the historic 1987 speech, used here as a rhetorical point.
19:47 — Reference to “the price we will not pay” and “a point beyond which they must not advance,” implying a moral or political stance that may be tied to current events.
31:06 — Upcoming film release on August 30th, indicating a future event relative to the conversation.
48:53 — Upcoming theatrical release on August 30th (future event relative to the recording).
55:43 — Upcoming theatrical release on August 30th (future event).
54:27 — Reference to the film’s release ""next month,"" indicating a near‑future deadline."
HD-P240709R-095432,,Matt; Lori Crowe; Person 1107,Katie Miller; Kim Miller; Person 1119; Person 1118; Person 311,"A documentary traces the growth of Sight & Sound, a Christian theatre ministry that began in the 1970s with biblical slide‑shows in a church basement and, after partnering with TBN, evolved into a multi‑platform organization producing televised and streamed stage productions worldwide, overcoming setbacks such as a devastating fire and the COVID‑19 pandemic.","The recording opens with a vivid dramatization of a biblical tableau, the camera lingering on the familiar figures of David, Bathsheba, and the aging King Saul. The scene is rendered with theatrical lighting and period costumes, establishing a tone that blends reverence for Scripture with the immediacy of live performance. As the dramatization fades, a production‑company logo appears, and the voice of Person 837 steps in to introduce the day’s hosts, Matt and Lori Crowe, followed by the co‑hosts Katie and Kim Miller. Their warm greetings set the stage for a conversation that will trace the evolution of a Christian theatre ministry from modest slideshow presentations in the 1970s to a multi‑platform enterprise that now reaches global audiences through television, streaming, and cinema. Person 1107, a longtime leader of the ministry, begins by recounting the origins of Sight & Sound, a Christian theatre group that first gathered in a church basement to project biblical slideshows accompanied by live narration. The early years were defined by a simple mission: to make the stories of the Bible accessible to congregations that lacked the resources for full‑scale productions. By the late 1970s, the group had acquired modest lighting and sound equipment, allowing them to stage short dramatizations of well‑known passages such as Psalm 37, the flood narrative of Noah, and the battle with Goliath. These early efforts caught the attention of the Trinity Broadcasting Network (TBN), which offered a partnership that would become a turning point. The alliance with TBN provided both a national broadcast platform and a professional production infrastructure, enabling Sight & Sound to transition from slide‑show format to fully staged performances. The discussion moves chronologically through the organization’s milestones. In the mid‑1980s, Sight & Sound formalized its structure, hiring full‑time staff and establishing a rehearsal space in Lancaster, Pennsylvania. The first major stage production, a retelling of the story of David, premiered in 1987 and was recorded for a limited TBN broadcast. The success of that venture spurred a series of annual productions, each built on a four‑year development cycle that allowed for scriptwriting, casting, set construction, and fundraising. By 1997 the ministry celebrated its tenth televised production, but that year also brought a devastating fire that destroyed the main rehearsal hall and much of the costume inventory. The participants recall the “kitchen‑table” meeting that followed: a small group of volunteers, led by the senior pastor, gathered around a battered wooden table, prayed, and resolved to rebuild. The fire, while catastrophic, became a catalyst for deeper reliance on faith and community support. Within a year, a new, fire‑resistant facility was erected, and the next production—“Noah”—debuted to a sold‑out audience, symbolizing the ministry’s resilience. The narrative then jumps to 2020, when the COVID‑19 pandemic forced the closure of theatres worldwide. Sight & Sound’s Easter programming, traditionally a live‑in‑person event, was abruptly cancelled. Rather than suspend activity, the leadership pivoted to digital delivery, streaming past performances and launching a modest online platform. The pandemic period highlighted the tension between the tactile, communal","13:05 — July 12th – mentioned as the broadcast date on TBN.
07:15 — 2020 – reference to the year Sight & Sound began airing plays on TBN at Easter.
07:26 — March 2020 – specific month of the COVID‑19 pandemic referenced.
08:56 — Easter Sunday 2020 – noted that 13 million households tuned in to TBN.
16:27 — 1974 – approximate year when the founders began touring slideshows.
18:35 — 1973 – year the speaker’s parents considered television and radio audiences.
10:52 — 50‑year organization – reference to the age of Sight & Sound.
23:28 — The film “Daniel” is scheduled to open in movie theaters on Labor Day weekend, specifically August 30.
27:44 — Reference to the “mid nineties” as the time when the speaker was about 10‑12 years old.
31:01 — Mention of the year 2020 when the organization was closed for five‑six months due to the pandemic.
31:15 — Reference to the year 1997 when a devastating fire destroyed their theater.
34:25 — Reference to the year 1976 as the start of their first small theater.
30:19 — Reference to the year 1973 describing an early studio space.
38:23 — Mention that a father will be 85 years old in September.
45:28 — July 12th – the date the “David” live event will air on TBN and in theaters.
50:40 — August 30th – the date the “Daniel” production will be shown in movie theaters.
41:24 — 2008 – the year the organization opened its Branson, Missouri venue.","13:05 — The upcoming broadcast on July 12 on TBN is a future event relative to the recording.
07:15 — Reference to 2020 Easter programming is past but tied to a specific pandemic‑era broadcast.
08:56 — Easter Sunday 2020 viewership numbers are historical data that may be used for promotional claims.
16:27 — The 1974 slideshow start date provides historical context but could be cited in anniversary promotions.
23:28 — Upcoming release of the film “Daniel” on August 30 (Labor Day weekend).
28:58 — Future staging of “Noah” in Lancaster next year (2025) for its 30th anniversary.
31:01 — Recent past event: COVID‑19 shutdown in 2020, relevant to current operational context.
31:15 — Past catastrophic event (1997 fire) that impacted the organization’s facilities.
45:28 — The July 12 live broadcast of “David” is an upcoming event; the information is time‑sensitive for audiences planning to attend or watch.
50:40 — The August 30 theatrical release of “Daniel” is an upcoming event; the details are relevant for scheduling viewings.
41:24 — Reference to opening in 2008 provides historical context but is not a current deadline."
HD-P240806-104921,,Matt Crouch; Lori Crouch; Cece Winans; Person 1185; Person 311; Sheila Walsh,,"Sheila Walsh, a Scottish-born contemporary Christian artist and TV personality, recounts her journey from a modest Glasgow upbringing and early BBC work to a high‑profile U.S. ministry career with Billy Graham, TBN, and The 700 Club, describing the intense schedule, personal losses, a live on‑air breakdown that led to psychiatric care, and the ongoing tension between her public ministry and private grief.","The interview opens with Cece Winans, host of the Praise program, welcoming Scottish‑born contemporary Christian artist, author, and television personality Sheila Walsh. From the outset, Walsh’s narrative is anchored in the stark contrast between her early life in the modest town of Glasgow and the expansive platform she would later occupy in American Christian media. She recounts that her father died in a tragic accident when she was a teenager, an event that left an indelible imprint on her sense of loss and dependence on faith. The loss propelled her toward a career that would blend artistic expression with ministry, a path that began in the United Kingdom with work for the BBC and a brief stint as a backing vocalist for Cliff Richard. Those early experiences, she explains, taught her the discipline of performance and the power of music to convey spiritual truth. Walsh’s move to the United States in the early 1980s marks the first major turning point in the chronology. She describes the cultural shock of arriving in a country where evangelical television was already a burgeoning industry. Within months she secured a role with the Billy Graham Evangelistic Association, appearing on televised crusades and learning the mechanics of large‑scale outreach. Her talent for connecting with audiences caught the attention of the Trinity Broadcasting Network (TBN), where she was invited to host a weekly program that combined music videos, devotional teaching, and personal testimony. The segment highlights a vivid anecdote from a 700 Club appearance: a wardrobe malfunction forced her to improvise on live television, a moment that, while embarrassing, reinforced her belief that authenticity—mistakes and all—resonated more deeply with viewers than polished perfection. The conversation then shifts to the late 1980s, when Walsh’s schedule became a relentless tour of speaking engagements, concerts, and television recordings. She describes a typical week that began with a morning sermon rehearsal, continued with a midday recording session for a music video, and ended with an evening conference in a different state. The intensity of that period, she admits, left little room for personal rest, and the pressure began to erode her mental health. In the second interview segment, conducted by Person 1185, Walsh delves into her Scottish heritage and the emotional weight of being the sole family member residing in the United States. She recounts returning to Scotland three years earlier for her mother’s funeral, a journey that forced her to confront the distance between her public persona and private grief. A planned women’s conference in Aberdeen, which she had been eager to host, was postponed, underscoring the tension between professional obligations and familial duties. Walsh then reveals the most harrowing episode of her career: a painful on‑air breakdown during a live broadcast that resulted in her being placed under psychiatric care. She describes the moment the camera cut away as she felt an overwhelming sense of failure, leading to a brief but intense hospitalization and a suicide watch. The narrative does not linger on sensational details; instead, it emphasizes","02:37 — The story starts in 1984.
02:47 — Reference to the year 1985.
18:01 — Sheila says the period being discussed is 1987 to 1992.
19:10 — Sheila Walsh says the last time she was home in Scotland was three years ago for her mother’s funeral.
19:16 — She mentions she has not been home since COVID hit.
19:21 — She refers to an upcoming women’s conference in Aberdeen.
21:03 — Reference to the 1980s as a decade being reviewed on a future 700 Club segment.
26:53 — She notes it was October when she arrived at the psychiatric hospital.
32:18 — She describes a three‑hour drive to Virginia Beach before entering the ocean.","14:29 — Sheila recounts receiving a message asking her to fly to Virginia Beach ""next week"" to co‑host the 700 Club, a relative‑date request that was urgent at the time of the interview.
19:21 — She expresses a desire to attend the women’s conference in Aberdeen soon (future event).
21:03 — Mention of an upcoming 700 Club segment reviewing the 1980s (future broadcast).
26:53 — The October hospital admission is a past event that contextualizes her mental‑health crisis.
40:39 — Reference to events ""30 years ago"" when discussing how conversations could not happen on Christian TV.
40:48 — Reference to events ""40 years ago"" in the same context about past TV restrictions.
41:08 — Reference to ""30 years ago"" again, noting that such conversations were impossible then.
53:07 — Sheila states they have been married for 27–28 years, a relative‑date reference indicating the length of their marriage."
HD-P240625-092234,,Person 1100; Person 1098,James Brown (JB); Laurie; Matt; JB,"A reverent host and veteran sports broadcaster James Brown discuss how biblical principles—trust, faith with works, and purposeful action—parallel the teamwork of football, using personal testimonies and Scripture to illustrate that spiritual growth requires disciplined, service‑oriented “plays” in everyday life.","The program opens with a warm, reverent greeting from the host, identified as Person 1100, who immediately places the conversation within a dual framework of sport and scripture. He lauds the guest, veteran sports broadcaster James Brown—referred to throughout the segment as JB—for his storied career, noting his multiple Hall of Fame inductions, his record of hosting Super Bowl broadcasts, and the numerous awards that have marked his professional life. The host’s praise is not merely ornamental; it serves as a bridge to a biblical metaphor that likens the pre‑play huddle in football to the gathering of believers before undertaking God’s work. By invoking the image of “running the play,” the host signals that the ensuing dialogue will treat the Christian walk as a coordinated, purposeful movement rather than a random series of events. From the outset, Guest Person 1098 adopts Scripture as the primary language of the discussion. He repeatedly cites Proverbs 3:5‑6, urging listeners to trust in the Lord with all their heart and to acknowledge Him in every decision, a principle he parallels with a quarterback’s reliance on the playbook. John 8:32—“the truth will set you free”—is invoked to underscore the liberating power of honest confession, while James 2:14‑26 becomes the theological fulcrum around which the conversation pivots: faith without works is dead. The guest weaves these verses into a narrative that frames JB’s broadcasting achievements as evidence of divine gifting, yet he stresses that such gifts must be exercised in service, not self‑aggrandizement. Psalm 32 is quoted to illustrate the relief that comes from confession, and John 10:10 is used to contrast the thief’s intent with the abundant life offered by Christ. The first segment, lasting roughly sixteen minutes, moves from biographical sketch to spiritual exposition. JB’s education, his early forays into sports journalism, and his philanthropic initiatives—particularly his work feeding the homeless and providing clothing to underserved families—are presented as concrete expressions of the “faith‑and‑works” doctrine. The host and guest then transition to a discussion of fear, describing it as a spiritual opponent that can paralyze even the most seasoned athlete. They argue that true spiritual power is activated not by passive belief but by decisive action, echoing the biblical admonition that believers must be “doers” of the word. At 18 minutes the dialogue deepens into personal testimony. One speaker, whose background includes a promising basketball career, recounts being cut by the Atlanta Hawks—a pivotal moment that precipitated a crisis of identity. This loss becomes the catalyst for a conversion experience, during which he encountered the gospel and embraced a ministry focused on tangible outreach. The narrative illustrates the biblical principle that God can repurpose disappointment into purpose, a theme reinforced by references to Philippians 3:10, which calls believers to know Christ and the power of His resurrection. The speaker emphasizes that trusting God does not absolve one of responsibility; rather, it demands disciplined practice—“running the play correctly”—and a commitment to serve others through measurable acts such as distributing food and clothing. The third block,","14:16 — James Brown was inducted into the Sports Broadcasting Hall of Fame in August 2020.
14:20 — He has hosted the Super Bowl a record‑breaking 12 times, including Super Bowl 55 on CBS.
07:35 — Reference to a 2012 event in Caesarea, Israel, where the speaker’s father placed a mantle on his shoulders.
15:18 — James Brown is a graduate of Harvard University and is listed in the Harvard Basketball Hall of Fame.
15:23 — He is a founding partner of the Washington Nationals, the 2019 World Series champion.
15:55 — He received the 2016 Pete Rozelle Award from the Pro Football Hall of Fame.
38:07 — 1979 – the year the guest first worked for the then‑named Washington Bullets.
45:18 — 32 years ago – reference to a prophetic moment when the Lord spoke to the host.
45:52 — 50‑year history – reference to TBN’s overall history.
49:52 — a couple of months – the new network has been on the air for a few months.","45:18 — “32 years ago” is a relative‑date claim that will become less current as time passes.
45:52 — Reference to TBN’s “50‑year history” is time‑sensitive, marking a milestone that will change after the next year.
49:52 — “a couple of months now” indicates a recent launch; the statement will become outdated as the network ages.
40:10 — Guest describes himself as having a “free agents mentality” and being at the “midpoint of my career,” a relative career‑stage claim.
46:42 — Reference to “the strike year” (NFL strike) is a past event without a specific calendar year, but it is time‑bound.
54:12 — Reference to a 26‑year‑old individual described as a saint, indicating a specific age rather than a calendar date."
HD-P240620R-093312,,Matt Crouch; Mike Rowe,,"Mike Rowe and Matt Crouch outline the thematic focus of the fourth season of “Story Behind the Story,” emphasizing sacrifice, humility, and the tension between certainty and uncertainty through concrete story ideas—such as a literary‑loving young president, a demoted Iwo Jima soldier, a community‑oriented dentist, and an engineer linking past and present inventions—while also discussing production logistics in Bartlesville, Oklahoma.","Mike Rowe and Matt Crouch spend the better part of an hour in a makeup trailer in Bartlesville, Oklahoma, rehearsing the contours of the fourth season of their series “Story Behind the Story.” Their conversation, captured from 01:29 to 56:29, moves fluidly from casual banter to a detailed exposition of the season’s thematic architecture, the practical logistics of production, and the broader philosophical stakes they attach to the work. The dialogue opens with a light‑hearted exchange about nose hair, a moment that quickly gives way to a more purposeful discussion of the season’s central motifs. Rowe and Crouch identify sacrifice, humility, and the tension between certainty and uncertainty as the intellectual spine of the upcoming episodes. They argue that each story must illustrate how ordinary people confront moments that demand personal surrender or a re‑evaluation of what they know to be true. The pair repeatedly return to the idea that storytelling is a vehicle for exploring these universal dilemmas, insisting that the audience should feel both the weight of the characters’ choices and the possibility of redemption that follows. To ground these abstractions, the hosts reference a series of concrete story ideas that will populate the new season. They mention a young president whose love of literature shapes his leadership, a demoted soldier who fought at Iwo Jima, a dentist whose practice becomes a conduit for community healing, and a narrative about modern engineering that underscores the continuity between past inventions and present innovations. Each vignette is presented as a case study in sacrifice or humility: the president’s willingness to set aside political ambition for the sake of intellectual honesty; the soldier’s acceptance of a reduced rank in order to protect his comrades; the dentist’s decision to forgo profit in favor of free care for underserved patients; and the engineer’s acknowledgment that every breakthrough rests on the work of unseen predecessors. The hosts also weave personal anecdotes into the season’s blueprint, using their own histories as illustrative touchstones. Rowe recalls a barbershop quartet he sang in during high school, noting how the discipline of harmonizing with others taught him the value of listening—a skill he now applies to interviewing subjects. Crouch contributes a memory of an eighth‑grade essay contest, describing how the pressure to produce a compelling narrative at a young age sparked his fascination with the mechanics of story structure. These recollections serve a dual purpose: they humanize the presenters and reinforce the argument that the capacity to tell a story is cultivated through everyday experiences of collaboration and competition. Beyond the narrative content, the conversation delves into the mechanics of production. At 22:06 the pair outline the logistical framework of the season, confirming that Bartlesville will serve as the primary setting. They discuss scouting locations, securing permits, and coordinating with local crews, emphasizing that the town’s industrial heritage provides a fitting backdrop for stories about sacrifice and engineering. A planned segment involving an old military aircraft is highlighted as a visual metaphor for the tension between past glory",,"01:59 — Matt Crouch notes that Season 4 has a more serious tone, indicating an upcoming season.
01:29 — Mike Rowe outlines thematic focus for Season 4 (sacrifice, humility, certainty/uncertainty), referencing the upcoming season.
01:29 — Discussion of Season 4 launch in Bartlesville, Oklahoma, and related storytelling plans.
01:29 — Mention of Season 4’s partnership with the International Fellowship of Christians and Jews and related sponsorships.
01:29 — Reference to a military‑type mission segment that will be part of Season 4.
01:29 — Mike Rowe connects a WWII story to the overarching narrative of Season 4.
01:29 — Matt Crouch describes a visual element observed while filming Season 4 in Bartlesville.
17:49 — Matt Crouch asks about the overarching theme for Season 4.
01:29 — Mike Rowe reflects on the scale and cinematic quality of Season 4 stories.
01:29 — Discussion of a forthcoming Season 4 story about the national anthem and the act of standing for the flag.
28:00 — Reference to an incident that happened “last night,” indicating a recent, time‑sensitive event.
31:46 — Mention of “season five and season six teed up,” indicating upcoming future seasons.
36:34 — Statement that “season four is in the can, season five is coming, season six is coming,” highlighting upcoming production milestones."
HD-P240730-144410,,Matt Crouch; Person 1084; Person 1085,Vincent Furnier (Alice Cooper); Alice Cooper (Vincent Furnier); Person 1082; Person 1082 (Alice Cooper); Greg,"The interview traces Alice Cooper’s evolution from his 1960s teenage rock beginnings and notorious excesses—including near‑fatal drug use—to his current role as a born‑again Christian evangelist, using his story to illustrate the dangers of rock culture and the possibility of redemption through faith.","The interview opens with a long, detailed conversation that traces the arc of Alice Cooper’s life from his teenage beginnings in the early 1960s to his present status as a born‑again Christian evangelist. The participants—Matt Crouch, a prominent televangelist, and several interviewers identified only by numeric tags—use Cooper’s story as a case study of the excesses of rock culture and the possibility of redemption through Christ. The chronology of the dialogue is divided into four time blocks, each deepening the portrait of Cooper while expanding the theological themes that the hosts wish to convey. In the first segment (01:34–19:01) the conversation is anchored in Cooper’s early career. The speakers recount how Vincent Furnier, the boy from Phoenix who would become Alice Cooper, formed his first band, the Spiders, and achieved a breakout hit with “I’m 18.” The song’s rebellious anthem captured the zeitgeist of the early 1970s, a period when youth culture was defined by a mixture of sexual liberation, anti‑establishment sentiment, and a growing fascination with hard‑rock spectacle. The interviewers note that Cooper’s theatrical stage persona—complete with guillotines, snakes, and macabre makeup—propelled him into the national spotlight, making him a fixture on television shows and in the press. Yet the fame came with a dark side. The participants describe a “near‑fatal cocaine binge” that left Cooper on the brink of death, and they reference his frequent clashes with the moral watchdogs of the era, including an encounter with the Christian television program The 700 Club. The discussion also situates Cooper among the “27‑Club” cohort—musicians such as Jimi Hendrix, Janis Joplin, and Jim Morrison—who died young from drug‑related causes. By juxtaposing Cooper’s survival with the tragic fates of his peers, the hosts underscore the precariousness of the rock‑and‑roll lifestyle and set the stage for the later transformation they will explore. The second block (19:07–35:24) shifts to a more personal recollection from a host who grew up in an affluent Hollywood circle. This anecdote serves to illustrate how even those surrounded by wealth and privilege can be drawn into the same vortex of excess that ensnared Cooper. The conversation then returns to Cooper, who openly describes his alcoholism and the moment he surrendered to Jesus. He characterizes his recovery as a “miracle,” insisting that Jesus is now the central figure of his existence. Cooper explains how his newfound faith informs his music, noting that he deliberately weaves Christian motifs into his heavy‑metal albums—lyrics about redemption, references to biblical stories, and an overall tone that seeks to point listeners toward spiritual truth. The host mentions an upcoming book, *Lennon, Dylan, Alice, and Jesus*, which will examine how prominent musicians have intersected with Christianity, and a media ministry that uses such stories to reach young people. The dialogue repeatedly returns to the emptiness of fame, wealth, and hedonism, arguing that true fulfillment is found only in a personal relationship with Christ. This thematic thread is reinforced by the host’s assertion that the pursuit of fame is a “false idol” that ultimately leaves the","18:42 — Reference to the year 1970 when many rock icons died or broke up.
27:17 — Celebrated 50 years at their church.
21:01 — Mentions 39‑38 years of sobriety.
29:08 — Notes Alice Cooper has been walking with the Lord for some 30 years.","10:50 — Mention of being awake for ""four or five days"" indicating a short‑term health crisis.
12:18 — Reference to ""five years"" before his wife trusted his sobriety, a relative‑time claim.
18:24 — Discussion of the ""27 Club"" and ages of death, a cultural reference tied to a specific age.
18:34 — Mention of turning 30 and feeling ""washed up,"" a personal age milestone.
27:17 — Reference to a 50‑year church anniversary, indicating a milestone that may be commemorated soon.
21:01 — Statement of 38‑39 years of continuous sobriety, a time‑sensitive claim about personal recovery.
29:08 — Reference to a 30‑year period of Christian faith for Alice Cooper, indicating a long‑term but still ongoing commitment.
30:01 — Mention of upcoming “beautiful interviews” that will be released in the “next little period,” implying near‑future content.
38:15 — Reference to “when we were kids” describing past childhood experiences versus today’s more dangerous environment.
50:49 — Statement “It happened for me at the age of 17,” indicating a personal conversion age.
50:52 — Statement “It happened for Alice a little bit later in life,” indicating a later conversion for Alice Cooper.
50:57 — Encouragement “It can happen for you right now,” a call to immediate action.
51:33 — Suggestion “Maybe you’ve come to that place right now,” implying a present moment decision.
51:45 — Invitation to accept Jesus “right now” and a prompt to pray together."
HD-P240618-202644,,Matt Crouch; Lori Crouch,Henry Cloud,"Clinical psychologist Dr. Henry Cloud discusses his upcoming book *Why I Believe*, explaining how his personal struggles with depression and doubt led him to address skeptics by linking scientific inquiry, miracles, and biblical free‑will theology, and he offers practical guidance—community, prayer, therapy, and healthy boundaries—for coping with suffering while remaining open to spiritual experience.","Matt and Lori Crouch opened their interview with clinical psychologist and bestselling author Dr. Henry Cloud by situating his long‑running “Boundaries” ministry within the context of a new digital edition and an upcoming book, *Why I Believe*, slated for release on June 18. From the outset, Cloud framed the conversation as a personal narrative: his own battles with depression, wavering faith, and intellectual doubts had driven him to write a work aimed not at believers alone but at the “non‑believing friends” who ask, “Why do you believe?” He described the book as a bridge between the empirical world and the spiritual, noting that it would recount miracles he has witnessed, outline scientific investigations that have probed the supernatural, and confront the difficulty of sharing faith in a culture that prizes skepticism. The Crouches underscored the timeliness of Cloud’s project, linking it to contemporary boundary issues—such as the need to protect one’s mental health while remaining open to spiritual experience—and to the broader suffering that many believers endure today. The dialogue quickly moved from the book’s premise to a deeper theological exploration of suffering. Cloud argued that the problem of why bad things happen to good people cannot be reduced to a simple cause‑and‑effect formula; rather, it is rooted in the biblical doctrine of free will. He cited the Genesis 3 narrative, where humanity’s choice to disobey introduced a broken world, and the story of Job, which illustrates that divine purposes often remain hidden from human eyes. In this framework, suffering is not a punishment but a consequence of a world in which moral agents can choose contrary to God’s will. The Crouches pressed for practical implications, and Cloud responded with a multi‑pronged approach: community support, prayer, professional therapy, and a trust in God that transcends immediate understanding. He emphasized that boundaries—both emotional and relational—must be set to protect the soul while still allowing the flow of grace. The hosts highlighted that Cloud’s perspective integrates his psychological expertise with biblical truth, offering listeners a model that respects both scientific insight and spiritual conviction. A pivotal moment arrived when Cloud recounted a vivid, personal story about a dying friend who had transitioned from Presbyterianism to Judaism. As the friend approached death, Cloud prayed, and he described a vision of Jesus appearing as the Passover Lamb—a symbol of sacrificial redemption—standing at the threshold of the friend’s final breath. This image served as a concrete illustration of how divine presence can intersect with human mortality, even for those whose religious identity had shifted. The narrative underscored Cloud’s claim that miracles are not abstract theological concepts but lived experiences that can speak to skeptics. The conversation then broadened to include reflections on unanswered questions that persist even after such encounters. Matt Crouch and an unnamed participant, identified only as Person 1023, contributed observations that the mystery of suffering often coexists with moments of profound grace, and that believers must hold both tension and hope. Throughout the interview, the Crouches repeatedly returned to the upcoming release","13:24 — June 18th – the release date of Dr. Cloud’s new book *Why I Believe*.
13:24 — June 18 – reiterated as the book’s publication date.
52:34 — The book “Why I Believe” is released on June 18 (the day of the recording’s first airing).","02:06 — Reference to ""30 years ago"" when Cloud first wrote a book on boundaries, a relative‑date claim.
05:25 — Mention that the audience may recognize Cloud as ""the boundaries guy,"" implying a current, ongoing public perception.
13:24 — Announcement that the book will be available now (as of the recording) and can be purchased on Amazon, a time‑sensitive availability claim.
52:34 — Release date of the book “Why I Believe” (June 18) and the statement that it is available now, which is time‑sensitive information for listeners."
HD-P240610-123211,,Matt; Laurie Crouch; Person 665; Person 1163,Yael Eckstein; Person 816 (Yael Eckstein); Matt Crouch; Lori Crouch,"Yael Eckstein, president of the International Fellowship of Christians and Jews, explains how the organization, building on a 40‑year partnership that has rescued over 760,000 Jews, shifted its focus after the October 7, 2023 Hamas attack to deliver protective gear, bomb shelters, bullet‑proof ambulances, food‑relief and other humanitarian services to both Jewish and Bedouin communities across Israel.","The conversation opens with Yael Eckstein, President and CEO of the International Fellowship of Christians and Jews (IFCJ), seated beside the program’s hosts, Matt and Laurie (Lori) Crouch. From the outset she frames the Fellowship’s work as a continuation of a four‑decade‑long partnership between Christians and Jews that has rescued more than 760,000 Jews from peril. The dialogue quickly moves from that historical tally to the present crisis: the October 7, 2023 Hamas attack on Israel, which has reshaped the organization’s priorities and intensified its on‑the‑ground response. Eckstein explains that, in the weeks following the assault, the Fellowship redirected resources to supply flak jackets, helmets, and portable bomb shelters to civilians in the most exposed neighborhoods of Jerusalem and the surrounding regions. She describes a coordinated distribution network that moves protective gear from warehouses in the United States to distribution points in Israel within days, a logistical feat she attributes to the “faith‑based” nature of the alliance and the deep trust that Christian donors place in the Fellowship’s leadership. The hosts press for specifics, and Eckstein enumerates the humanitarian projects that have been expanded or newly launched since the war began. The organization has placed dozens of prefabricated bomb shelters in densely populated districts, installed emergency lighting and communication systems in community centers, and dispatched bullet‑proof ambulances to serve both Jewish and Bedouin populations in the Negev. She notes that the ambulances, fitted with reinforced glass and armor plating, have already saved lives by allowing paramedics to reach victims of rocket strikes without exposing themselves to shrapnel. In addition to these security measures, the Fellowship continues its long‑standing food‑relief operations: soup kitchens that feed thousands daily, mobile food trucks that bring hot meals to displaced families, and a network of volunteers who deliver groceries to the elderly. A recent rocket strike on one of the soup kitchens, she says, underscored the urgency of protecting even the most basic civil‑service facilities. The conversation then widens to encompass the Fellowship’s broader portfolio of social programs. Eckstein describes an art initiative that pairs newly arrived immigrants with Israeli artists, using creative expression to ease the trauma of displacement and to foster integration. She also mentions a medical outreach program that supplies ambulances and medical kits to Bedouin villages, a demographic often overlooked in mainstream aid efforts. These projects, she emphasizes, are deliberately non‑political; the Fellowship’s mission is to “serve the people of Israel” regardless of ethnicity, religion, or political affiliation. The hosts highlight the organization’s 41‑year history, noting that the current leadership is the third generation of the Eckstein family to helm the Fellowship. The legacy began with her father, who founded the organization in the early 1980s, and has been sustained by a “blessing” that Eckstein describes as a lifelong calling. She recounts early sacrifices—long hours, personal financial contributions, and the emotional toll of witnessing suffering—that forged her resolve to become president‑elect. Eckstein acknowledges the phenomenon of compassion fatigue, especially after the October 7 attacks, but she frames the surge of donations","01:37 — Fellowship’s 40th anniversary and Israel’s 75th anniversary
03:51 — Reference to the tragic Hamas attack on October 7th
04:05 — Mention of single mothers who weren’t single mothers before October 7th
07:26 — Personal call to action beginning on October 7th
08:03 — Reference to events on October 8th
10:35 — Mention of the year 2024 (""twenty twenty four"")
13:57 — Statement that the ministry was started 41 years ago
41:50 — Reference to coming to Israel since 1975.
42:02 — Mention of being married in 1985.
43:35 — Reference to the year 2024 as a “weird season” because of the presidential election.
44:05 — Mention of protests popping up in the spring of 2024.
44:10 — Mention of protests popping up in the spring of 2020.
45:47 — Reference to the morning of October 7 (the Hamas attack).
51:26 — Statement that “over half a year later” the actions saved thousands of lives.","01:37 — 40th anniversary (relative to the recording date) – indicates a milestone that will change after the next year
13:57 — 41 years ago – a relative‑date reference that ages with time
03:51 — Reference to the October 7th attack – a recent past event that contextualizes current humanitarian efforts
08:03 — Reference to October 8th – a specific recent date tied to the described aid actions
28:03 — The team says they are leaving in another 20 minutes to use the emergency vehicle.
30:55 — Reference to a recent event: ""just a few days ago"" the Fellowship Soup Kitchen in Kiryat Shmona was hit by a direct rocket.
31:14 — Speaker says they will drive to the soup kitchen ""tomorrow"" to visit volunteers.
45:47 — Description of the October 7, 2023 attack and immediate response; a past event that frames the urgency of the organization’s work.
43:35 — Mention of the 2024 U.S. presidential election, a future political event influencing audience perception.
44:05 — Reference to protests expected in the spring of 2024, indicating a near‑future social context.
44:10 — Reference to protests that occurred in the spring of 2020, providing recent historical context.
51:26 — “Over half a year later” is a relative‑date claim indicating the timeframe since the October 7 response."
HD-P240604R2-101332,,Matt Crouch; Lori Crouch,Jeff Allen; Person 1073; Person 311,"Jeff Allen, a clean‑comedy performer and author, recounts on TBN’s “Dry Praise” how his early alcoholism and a failed sitcom pilot led to a faith‑based transformation through a twelve‑step program, after which he now blends family‑focused comedy with Christian messaging while balancing his career, marriage, and parenting.","Jeff Allen, a clean‑comedy performer who has also written a sitcom pilot and authored a memoir, spent more than an hour on the Praise network’s “Dry Praise” program in Dallas, offering a detailed, chronological portrait of his life, career, and faith. The interview opens with Allen describing the hectic rhythm of his professional schedule, which now includes stand‑up gigs at churches and comedy clubs, a new “Merit Street” studio, and the promotion of his book on Amazon. He explains that his work is inseparable from his family life, noting that his wife Tammy is both a partner in parenting and a decisive influence on their household finances. The couple’s children, he says, keep him “on his toes,” and the everyday challenges of raising them provide material for his clean‑comedy routines. Allen’s narrative quickly turns to his early adulthood, when he was a “heavy drinker” who began consuming alcohol at fourteen. By the time he was in his twenties, his drinking had escalated into full‑blown alcoholism, and he describes a period of nihilism that left him “searching for something to hold onto.” A pivotal moment arrived when a Bible verse—though the specific passage is not named—caught his attention and sparked a quest for meaning that ultimately led him to a twelve‑step program. He credits the program with pulling him out of the abyss, and he emphasizes that the community he found there was essential to his recovery. The transformation from “drunk, nihilistic” to “sober, purposeful” is a recurring theme throughout the conversation, and Allen repeatedly stresses that the same community support can help anyone “struggling with addiction or emptiness.” The interview also covers a concrete professional setback: a sitcom pilot that Allen wrote in 2000 failed to sell. He recounts the disappointment of that experience, noting that the pilot’s collapse forced him to reconsider his creative direction. Rather than abandoning comedy, he redirected his talent toward clean, faith‑based material, eventually finding a niche in church venues and family‑friendly clubs. This shift is presented as a second act in his life, one that aligns his humor with his newly embraced Christian worldview. He explains that his comedy now serves a dual purpose: it entertains while also pointing listeners toward “values, purpose, and community.” The host, Matt Crouch, reinforces this point by linking Allen’s personal story to the broader mission of TBN’s new initiatives, which aim to produce authentic Christian media that resonates with contemporary audiences. Family anecdotes pepper the discussion, illustrating how Tammy’s influence extends beyond finances to spiritual encouragement. Allen recounts a “pivotal encounter” on a golf course with an evangelical businessman who asked him to consider his relationship with God. That conversation, he says, was a catalyst for deeper reflection and eventually led to his public testimony. He also shares humorous vignettes about parenting mishaps, pop‑culture references, and the ways his children react to his jokes, all of which humanize the performer and underscore the authenticity of his clean‑comedy brand. Health concerns surface later in the interview, as Allen, now","02:26 — Mentions his marriage was almost broken up 30 years ago.
03:09 — Refers to a sitcom pilot he did back in 2000.
06:15 — Says he had been a comedian for 10 years at that point.
10:36 — States he turned 65 last year.
10:38 — Mentions he got Medicare.
12:20 — Says he started drinking at age 14.
13:14 — Notes he was telling comedy clubs since he was 22.
33:02 — Jeff says he got sober in the 80s.
37:00 — He references “eight years later” after an earlier event.
38:08 — He says “six months later” something happened.
39:32 — He mentions “15 years” of attending a church.
46:30 — He is doing a Bible study on Monday nights on Facebook Live.
47:33 — Reference to an upcoming election (no specific date given).
48:42 — Mention of the 2016 election (Hillary Clinton vs. the “orange guy”).
48:48 — Mention of the 2020 election (voted for Trump).
49:07 — Reference to “Tuesday” as the day the election results were known.
49:28 — Statement about “two years” of keyboard‑pounding after the election.
51:03 — Claim of being arrested for 36 years and quitting drinking 36 years ago.","39:52 — Jeff says he is hoping to attend a small‑group meeting “this Tuesday,” indicating an upcoming event.
46:30 — He announces a recurring Bible study on Monday nights, a future/ongoing commitment.
47:33 — Upcoming election mentioned as a current, time‑sensitive event for the audience.
49:28 — Reference to “two years” after the election, indicating a recent past period relative to the recording.
51:03 — Reference to a 36‑year span, which is a long‑term personal timeline but not a deadline."
HD-P240530-115809,,Matt Crouch,Dan Patrick; Person 1065,"Matt Crouch hosted a Dallas studio interview with Texas Lieutenant Governor Dan Patrick, promoting the launch of the faith‑based Merritt Street Media channel and highlighting Patrick’s journey from 1990s radio and a “Bible‑for‑Dummies” book to his political career and support for evangelical initiatives such as a prison seminary program.","Matt Crouch opened the broadcast from a studio in Dallas, framing the segment as a celebration of a new faith‑driven media venture and a conversation with one of Texas’s most prominent political figures. The guest, Lieutenant Governor Dan Patrick, arrived on camera with a calm confidence that reflected both his long tenure in public office and his deep roots in evangelical broadcasting. Patrick traced a personal narrative that began in the early 1990s, when he first entered the world of radio ownership. He recounted a partnership with nationally known talk‑radio host Rush Limbaugh, a collaboration that gave him exposure to a broader conservative audience and honed his skill at shaping public discourse. From that platform he moved into television, eventually authoring a 2002 “Bible‑for‑Dummies” book that sought to make scriptural study accessible to a lay readership. The book, he explained, was not a marketing gimmick but a genuine attempt to bridge the gap between academic theology and everyday believers. Patrick then pivoted to his political career, describing the Texas legislature as a part‑time body that meets only a few months each year and pays modest salaries. He argued that this structure forces legislators to remain connected to their constituencies, a point he used to justify his own nine‑year service as lieutenant governor. The lieutenant governor highlighted Texas’s massive economy—one of the largest sub‑national economies in the world—and its sizable state budget, noting that these fiscal resources create a fertile environment for faith‑based initiatives. He positioned the launch of Merritt Street Media, the new television channel being promoted in the segment, as a natural extension of Texas’s “welcoming climate” for religious enterprises. The channel, he said, would be distributed exclusively through Samsung smart‑TVs, Dish, DirecTV and traditional cable, ensuring that evangelical programming could reach a broad, technologically savvy audience. After the formal interview, the program shifted to a more informal dialogue between Crouch and an unnamed participant identified only as Person 1065. Their conversation wove together three strands that have become hallmarks of contemporary evangelical activism: media, politics, and prison ministry. They reflected on how divine guidance, as they perceived it, had steered legislative decisions that supported faith‑based projects. The speakers invoked the history of the Trinity Broadcasting Network (TBN), noting its evolution from a modest regional broadcaster to a global media powerhouse. A memorable anecdote involved a meeting with Dr. Phil McGraw, during which the participants discussed the potential for mainstream talk‑show platforms to amplify Christian messages. They also traced the growth of the Osteen ministry, emphasizing its shift from a single megachurch to a multi‑platform brand that includes television, books and digital content. The dialogue then turned to a concrete example of faith‑inspired social work: a Texas‑focused film titled “Heart of Texas.” The film, they explained, was conceived as a cultural showcase but quickly became a catalyst for a prison‑based seminary program. The program now operates in several Texas penitentiaries and is expanding nationwide, offering inmates theological education and a pathway to personal transformation. This initiative, they argued, illustrates","07:04 — Reference to the book written in 2002.
07:36 — Mentions having lived in Texas for about 44 years.
12:33 — Reference to Rush Limbaugh (no specific date, but a known public figure).
15:17 — States he served eight years in the Texas Senate.
15:18 — States he has been lieutenant governor for nine years.
16:15 — Notes Texas is the eighth‑largest economy in the world, a $2 trillion economy.
16:20 — Compares Texas’s economy to Russia’s.
16:26 — Mentions Oklahoma’s economy as the seventh‑largest for perspective.
18:17 — TBN bought its first broadcast station in 1973.
19:36 — Reference to a prophetic gentleman named Kim Clement who died (""He's in heaven today"").
20:14 — Mention of a Texas guy named Phil McIntyre.
27:49 — Reference to the film ""Promise Keepers"" being shown in 2000 or 2005.
28:07 — The documentary won ""Best Film Made in Texas"" in 2009.
30:07 — Graduation ceremony takes place in May (annual event).
33:20 — Reference to a film made in 2009 (""I was in session in 2009"").
53:28 — Reference to a 133‑city bus tour conducted in 2022.","05:25 — States that Merritt Street Media has no ratings data yet.
05:33 — Claims the channel has viral videos and some early indications of viewership.
05:40 — Notes that the lieutenant governor’s awareness of the channel is a positive sign.
06:55 — Comments that many networks push opinion; Merritt Street Media aims to provide fact‑based news.
15:51 — States Texas legislators earn $600 a month (including the lieutenant governor).
16:45 — Mentions a $7,200 annual salary for Texas legislators, implying low compensation.
17:25 — Compares Al Roker’s $25 million annual earnings to the lieutenant governor’s $7,000 a year.
19:36 — Reference to ""32 years ago"" when the speakers felt called by the Lord; a relative‑date that ages as time passes.
27:49 — Mention of the ""Promise Keepers"" clip from 2000 or 2005; the exact year is uncertain, making the claim time‑sensitive.
28:07 — Award year 2009 for the documentary; the claim about the award is static but the relevance of the award may diminish over time.
30:07 — Annual graduation in May; future occurrences depend on the calendar year.
31:01 — Statement that the program ""Second Chance"" is currently broadcasting in half of U.S. prisons; this is a current‑status claim that could change.
32:34 — Claim that the movie ""Heart of Texas"" is about forgiveness and that forgiveness is ""the hardest thing to do"" for prisoners; the relevance is tied to ongoing prison ministry.
36:35 — Claim that only one or two inmates have been lost out of ""hundreds and hundreds"" in the ""last decade"".
49:01 — Announcement that Merritt Street Media is now on the air, indicating a current launch.
52:38 — Observation that ongoing migration is bringing people to Texas, a present‑time trend.
53:00 — Comment that people are moving to Texas to escape perceived restrictions on religious or business freedom, a current sociopolitical context.
54:26 — Reference to ""last fall"" when the speaker hosted Ukrainian soldiers.
55:11 — Speaker says ""We'll see you next time,"" indicating a future occurrence."
HD-P240520-102315,,Matt Crouch; Lori Crouch,Dr. Josh Axe; Josh Axe; Person 395; Person 311,"Dr. Josh Axe recounts how a severe spinal infection from a routine disc injection left him bedridden for a year, prompting a deep spiritual and scientific integration that led him to write the bestselling book *Think This, Not That* on replacing limiting beliefs with principle‑based mindsets for health, wealth, and personal growth.","Dr. Josh Axe’s story unfolds as a stark illustration of how a medical crisis can become a catalyst for profound personal transformation. The narrative begins with a routine disc injection that, rather than providing relief, precipitated a severe spinal infection—osteomyelitis—that rendered him unable to walk for roughly a year. The infection demanded an aggressive three‑month course of intravenous antibiotics, a regimen that kept him bedridden and forced him to confront both physical pain and emotional despair. In his own words, the experience plunged him into a “dark night of the soul,” a period marked by helplessness and a sense that his professional identity as a health practitioner was being stripped away. While confined to his bed, Axe turned inward, seeking meaning beyond the immediate suffering. He describes how the isolation compelled him to deepen his spiritual life, integrating prayer and biblical reflection with the scientific realities of his condition. This dual focus on faith and medicine became the foundation for a new worldview that rejected the binary of “spiritual versus scientific” healing. The crisis also sparked a creative outpouring: during his convalescence he authored a manuscript that would later become the book *Think This, Not That*. The work was intended to help others dismantle limiting beliefs—mental barriers that, in Axe’s view, impede health, wealth, and spiritual growth. The conversation with host Matt Crouch, captured from minute 18:51 to 35:52, expands the personal account into a broader narrative of mindset re‑engineering. Axe recounts his earlier life, noting a discouraging high‑school teacher who labeled him as “incapable.” That early negative feedback planted a limiting belief that lingered into adulthood. However, a later academic turnaround—where he excelled in college and earned advanced degrees—demonstrated the power of shifting perception. He attributes this shift to a deliberate practice of replacing “I can’t” with “I can,” a principle that undergirds the book’s central thesis. The book’s rapid ascent to the New York Times bestseller list in its first week is presented as evidence that the message resonated widely, suggesting that many readers were also wrestling with self‑imposed constraints. From minute 35:56 onward, the dialogue deepens into a systematic exploration of limiting beliefs and the mechanisms by which they operate. Axe distinguishes between “principles”—immutable truths derived from biblical, philosophical, and financial sources—and “opinions,” which are mutable and often rooted in personal bias. He argues that health outcomes, financial success, and relational harmony are all contingent upon aligning one’s life with principles rather than clinging to opinions. To illustrate, he cites a study linking an individual’s wealth to the average net worth of their ten closest associates, implying that surrounding oneself with principled, successful people can elevate one’s own trajectory. Axe also shares vivid anecdotes that reinforce his points. He recounts a period of homelessness, during which he survived on minimal nutrition and observed the stark contrast between short‑term dietary fads and sustainable, principle‑based nutrition. He references contemporary nutrition trends, noting that many are driven by opinion rather than evidence, and he promotes his own multi‑collagen protein regimen","04:46 — Reference to ""this time last year"" when he could not walk.
16:36 — Mention of the year 2024 in a theological discussion.
18:27 — Reference to ""a year ago"" when he had not walked.
18:27 — Reference to ""by the end this year"" regarding expected recovery.
30:21 — Reference to May of 2024 as the time when the program is airing.
38:50 — Reference to ""20 years ago"" when discussing how eating healthy was once considered ""voodoo"".
43:05 — Reference to ""a couple of decades"" of using multi‑collagen protein as a morning ritual.
44:19 — Reference to ""a particular time decade or two ago"" regarding past litigation and health product use.
44:33 — Reference to ""a few days later"" when describing how a partner noticed improvement from the morning concoction.
47:28 — Reference to ""years ago"" at the speaker’s grandfather’s funeral.
48:26 — Reference to ""just last week"" when mentioning the recent passing of the speaker’s father‑in‑law.
47:35 — Reference to the grandfather being a ""World War II veteran"".","04:46 — Relative‑date claim that the inability to walk occurred ""this time last year,"" indicating a past event tied to the previous calendar year.
16:36 — Mention of the year 2024 as a current/future reference point for theological relevance.
18:27 — Relative‑date claim that the recovery milestone is expected ""by the end this year,"" a deadline that will become outdated after the year ends.
18:27 — Reference to ""a year ago"" indicating a past event that will shift in relevance as time passes.
30:21 — The mention of May 2024 indicates an upcoming broadcast date for the program, making the information time‑sensitive.
40:40 — Claim that a person’s average wealth equals the average wealth of the ten people they spend the most time with.
45:26 — Claim that teaching information immediately after hearing it yields a 90% retention rate.
38:50 — Suggestion that a study claiming turmeric is bad is likely biased by pharmaceutical interests.
49:36 — Promotion that visitors to joshax.com can receive free video series and bonuses when they purchase the book.
51:15 — Final promotional statement that the book ""THINK THIS, NOT THAT"" is ""AVAILABLE NOW""."
HD-P240429R3-214735,,Jason Sobel; Matt Crouch; Howard Goodman,The Martins; Jaron Davis; David Binion; Nicole Binion; Danny Gokey; Rita Springer; Mitch Wong,"The broadcast introduces a segment featuring The Martins, Jaron Davis, and worship leaders Matt and Lori Binion, using their diverse styles to explore a 791‑year worship heritage and preview the collaborative project “The Revelation of Jesus,” which aims to re‑imagine apocalyptic imagery for 2024 while advocating music’s role over preaching in church life.","The broadcast opens with Jason Sobel, a longtime host of the Nashville‑based Praise program, ushering listeners into a segment that blends music, ministry history, and theological reflection. Sobel’s introduction places three distinct musical forces at the center of the conversation: The Martins, a vocal quartet known for their tight, unison‑driven gospel harmonies; Jaron Davis, a singer‑songwriter whose lyrical style bridges contemporary worship and folk storytelling; and the worship‑leadership team of Matt and Lori Binion, whose ministry has been rooted in congregational participation and family‑centered worship. By naming these contributors together, the hosts signal a deliberate attempt to showcase a spectrum of worship expression—from the polished, choir‑like precision of The Martins to the intimate, narrative‑driven approach of Davis, and the participatory, call‑and‑response dynamic championed by the Binions. The discussion quickly moves beyond the roster of performers to a broader meditation on church heritage. Matt Crouch, co‑host, and Howard Goodman, a veteran songwriter and worship leader, reference a cumulative 791 years of collective church experience among the panelists. This figure is not presented as a mere statistic; it functions as a narrative anchor that ties the present moment—2024—to a lineage of worship that stretches back through generations. The hosts use the number to argue that the weight of tradition should inform, rather than constrain, contemporary expression. In this light, the segment frames the upcoming musical project, “The Revelation of Jesus,” as a continuation of that heritage, not a rupture. “The Revelation of Jesus” is introduced as a collaborative composition by Howard Goodman, David Binion, and Nicole Binion. The trio’s intent, as explained by Goodman, is to re‑imagine the apocalyptic imagery of the Book of Revelation for a modern audience, specifically targeting the anxieties that have arisen in the year 2024. Goodman recounts a personal memory from “20 years ago,” when he first contemplated setting John’s vision to music. That recollection serves a dual purpose: it underscores the long gestation period of the project and illustrates how the desire to translate biblical prophecy into song has been a persistent, evolving impulse rather than a fleeting trend. The hosts emphasize that the new work seeks to counter “fear‑based teaching,” a phrase that recurs throughout the segment to denote the tendency of some ministries to exploit Revelation’s dramatic symbols as tools for control or sensationalism. By positioning the song as an antidote, the panelists argue that worship can be a means of theological clarification rather than emotional manipulation. The conversation then shifts from the creative process to the functional role of worship within the church’s missional agenda. Between minutes 42:08 and 52:23, the hosts discuss a perceived cultural pivot from singing to preaching, suggesting that many congregations have begun to prioritize didactic sermons at the expense of musical worship. Crouch and Goodman contend that this shift risks neglecting the heart‑changing power that music uniquely possesses. They invoke Jesus’ own mission—“to change hearts rather than political systems”—as a theological benchmark. This statement is not merely rhetorical; it frames the subsequent argument that worship, especially when it","05:42 — Reference to the year 2024 as the present time.
06:02 — Mention of “2024 version of church.”
19:13 — Affirmation of needing the message in 2024.
31:13 — Howard Goodman says “20 years ago” he wanted to write a song.
42:46 — Reference to the year 2024 in the context of chaos in the world.
52:23 — Mention of the year 2024 when speaking about peace of mind.","05:42 — The discussion is framed around the current year 2024, making any statements about “2024” time‑sensitive as the year progresses.
06:02 — Reference to a “2024 version of church” suggests a contemporary initiative that may evolve after 2024.
31:13 — Howard Goodman’s “20 years ago” remark is a relative‑date reference that will become less immediate over time.
23:24 — Announcement of the upcoming project “The Revelation of Jesus” – a future release that may have a launch window soon after this recording.
47:02 — Statement that a song ""is about to turn 40,"" indicating a milestone anniversary.
42:46 — Implication that the current year (2024) is a time of opportunity to live in peace amid chaos.
52:23 — Reference to 2024 as the present or near‑future context for delivering good news."
HD-P240416R3-111512,,Matt Crouch; Lori Crouch,David Binion; Nicole Binion; Pastor Mike Hayes; Person 1044 (speaker describing the Revelation project); Person 1043 (speaker offering theological reflections); Person 1043,"Matt and Lori Crouch opened a Nashville broadcast by discussing a collaborative project—worship songs and a companion book—that translates the imagery and symbols of Revelation into contemporary music and accessible commentary, with contributions from worship leaders David and Nicole Binion and biblical scholar Pastor Mike Hayes, who also shared personal testimonies linking eschatology to hope amid hardship.","Matt and Lori Crouch opened the broadcast from their Nashville studio with a warm, informal “Praise” format that blended worship, conversation, and teaching. The first segment, which ran from 1:37 to 19:21, introduced worship leaders David and Nicole Binion and Pastor Mike Hayes, establishing a collaborative atmosphere that would carry the discussion through the entire program. The central focus was the Book of Revelation, not merely as an abstract biblical text but as the catalyst for a concrete creative venture: a music‑and‑book project that had its origin in a vision received in 2020. The Crouches, the Binions, and Hayes each recounted how that vision unfolded into tangible output—songs written to capture the vivid imagery of Revelation and a companion book that sought to explain the apocalyptic symbols for a contemporary audience. Throughout the opening hour, the speakers wove personal testimony with scholarly reflection. David Binion described the moment he first heard the vision, how the phrase “the Revelation of Jesus” resonated with his own longing to translate prophetic language into lyrical worship, and how the subsequent songwriting process involved prayerful study of the seven seals, trumpets, and bowls. Nicole Binion added a complementary perspective, emphasizing the role of melody and harmony in conveying the tension between judgment and hope that permeates Revelation. Pastor Mike Hayes, whose background is in biblical studies, provided a historical overview, noting that early church fathers such as Irenaeus and Hippolytus interpreted Revelation as both a warning to the Roman Empire and a promise of ultimate divine victory. He highlighted how the modern project aimed to bridge that ancient duality, offering listeners a way to experience the “already‑but‑not‑yet” tension in everyday life. The conversation then shifted to the participants’ own journeys with eschatology, happiness, and ministry. Each speaker shared a brief narrative of personal hardship—illness, loss, or professional setbacks—that had driven them to seek a deeper understanding of the end times. These anecdotes served a dual purpose: they humanized the theological discussion and illustrated how the hope embedded in Revelation can function as a practical resource for those navigating suffering. By the close of the first segment, the audience had been presented with a clear picture of the project’s twin aims: to produce worship music that captures the drama of Revelation and to publish a book that demystifies its symbols for lay readers. At 19:28 the focus narrowed to Pastor Mike Hayes, identified in the transcript as Person 1043, who delivered a sustained, personal exposition that lasted until 38:01. He began with a poignant story about his sister’s death, recalling the moment she whispered a simple yet profound insight: true happiness is not found in external circumstances but in a relationship with the living Christ. This anecdote set the stage for Hayes’s broader theological argument. He traced the biblical concept of happiness from the Beatitudes, through the Olivet Discourse, to the prophetic timeline that frames Revelation. Hayes asserted that Jesus’ predictions concerning the destruction of the Jerusalem temple were fulfilled in 70 AD, a claim that","04:52 — May of 2020 – three months into a shutdown, the speaker heard a voice to write the Revelation of Jesus.
10:19 — 2000 years – reference to the time since Jesus’ ministry.
10:26 — 200 years ago – reference to when a shift toward fear and negativity about the future began.
17:53 — six years ago – reference to a past trip with the group.
20:42 — Reference to the “Olivet Discourse,” which took place the week before Jesus’ death (around 30 AD).
23:35 — States that Jesus’ predictions were fulfilled by 70 AD, a 40‑year generation after 30 AD.
27:06 — Mentions the “15th century” as the period when the word “blessed” replaced the original Greek “makarios.”
31:03 — Claims the Book of Revelation was written in 65 AD, not 95 AD, and that the dating was altered in the 15th century.
33:07 — Repeats the 65 AD dating for Revelation and contrasts it with the 95 AD tradition.
41:20 — Reference to the last hundred years of exponential opportunity.
45:14 — Claim that the world is better in the last 150 years since revival came to the country.
45:49 — Mention of the 1830s in America when a man could legally beat his wife.
45:56 — Statement that there were no hospitals or cures for diseases 200 years ago.
47:35 — Speaker notes he has been on a journey for five years and now feels free to speak.
44:08 — Reference to events happening in 2024‑2025.","04:52 — The May 2020 reference is a past event that contextualizes the origin of the Revelation music/book project.
10:19 — The “2000 years” remark frames a historical perspective on eschatology.
10:26 — The “200 years ago” comment identifies a relatively recent doctrinal shift, implying a timeline for the emergence of fear‑based end‑times teaching.
17:53 — The “six years ago” reference points to a specific past experience that may affect current understanding.
28:04 — States that “513 000 a week are being saved around the world,” a statistic that could change rapidly.
28:11 — Notes “29,300 people every week” being baptized and sent out as soldiers of the kingdom.
28:26 — Predicts an imminent “swinging of the pendulum” where addiction, gender‑confusion, and other societal issues will be reversed.
35:25 — Mentions current efforts to raise a “red heifer” for a future temple, implying a near‑future religious development.
36:09 — Calls for a round‑table of apostles to meet and produce a unified voice, indicating an upcoming collaborative effort.
37:30 — Describes a sense of urgency (“might be like by midnight tonight”) for prophetic discussion, suggesting a time‑sensitive expectation.
50:39 — Claim that over half of the population is taking some form of anxiety medication.
48:11 — Observation that secular counselors now identify “rapture phobia” as a clinical concern.
45:54 — Statement that abortion was 35 % (implies a current statistical claim).
44:08 — Prediction that martyrdom events will occur in 2024‑2025.
47:35 — Relative‑date reference: speaker has been on a five‑year journey.
56:26 — Call to action to get the book “The Revelation of Jesus” wherever books are sold and to stream the album on all music platforms now."
HD-P240125-165135,,Matt Crouch; Lori Crouch,Franklin Graham; Person 984; Person 1030; Person 311; Person 1032; Person 1036; Person 1033; Franklin (Person 984); Ken Isaacs (Person 1034),"Franklin Graham, president of Samaritan’s Purse, told a Trinity Broadcasting Network interview how his organization quickly delivered food, cash vouchers, replacement armored ambulances and spiritual support to Israelis displaced by the October 7 Hamas attack, and announced a new red‑letter Old Testament edition for evangelism.","Franklin Graham, the president and chief executive officer of Samaritan’s Purse, appeared on the Trinity Broadcasting Network’s daily program hosted by Matt and Lori Crouch to explain how his organization responded to the Hamas assault on Israel that began on October 7, 2023. The interview, which opened at 1:37 p.m. and ran until 19:38, gave a detailed account of the relief operations that Samaritan’s Purse launched within days of the attack. Graham described a multi‑layered effort that combined material aid, medical support, and spiritual ministry for the thousands of Israelis who were displaced or otherwise traumatized by the violence. He said the agency dispatched a dedicated team to Israel, where volunteers set up distribution points for food boxes and for debit‑card vouchers that allowed families to purchase groceries in local markets. In addition to these basic necessities, Samaritan’s Purse supplied replacement ambulances, including seven newly purchased armor‑plated units, to replace the fleet that had been damaged or destroyed during the hostilities. Graham emphasized that the ambulances were not merely vehicles but lifelines for a health system that was under severe strain. Beyond the physical provisions, Graham highlighted the spiritual component of the response. He recounted visiting devastated families, reading Scripture to them, and offering prayer alongside the material assistance. The Crouches and Graham agreed that the crisis created a “window of opportunity” for the gospel, a theme that recurred throughout the broadcast. Graham also announced a forthcoming publication: a red‑letter edition of the Old Testament that would highlight roughly two hundred passages traditionally understood as Messianic prophecies. He said the edition would be ready within a few weeks and would be used as a tool for evangelism in the region. The conversation continued after the initial segment, moving into a broader discussion of the aftermath of the October 7 attack. From 19:47 to 38:26, Matt Crouch and a panel of guests examined what they described as a “system failure” in Israel’s security and technology that had allowed the Hamas assault to succeed. The panel linked that failure to the deep despair felt by many Israelis and argued that such despair could be turned into receptivity for the Christian message. Guest 984, identified as Franklin Graham, shared personal anecdotes of meeting families whose homes had been reduced to rubble, describing how he and his team distributed grocery boxes, provided cash assistance via gift cards, and coordinated the procurement of replacement ambulances. He noted that the ambulance effort was ongoing, with plans to deliver additional units in the months ahead. Other participants on the panel spoke about the logistics of moving aid through a war‑torn landscape, the role of local churches in mobilizing volunteers, and the importance of maintaining a steady flow of supplies despite security constraints. The final portion of the broadcast, from 38:30 to 56:28, brought together Matt Crouch, Franklin Graham, and Ken Isaacs, a senior leader at Samaritan’s Purse identified as Person 1034. This segment deepened the focus on humanitarian work and prayer. Isaacs detailed the distribution of new","04:49 — Reference to “October 7th happened just late last year,” indicating the Hamas attack on October 7, 2023.
04:49 — Mention of the current year “2024.”
03:40 — Reference to “early 80s” and “1980” when discussing past appearances.
16:20 — Statement that the red‑letter Old Testament edition should be available “the next two weeks.”
19:21 — Note that the edition is “not ready yet” but can be ordered and will be available “in a couple of weeks.”
21:41 — Reference to the Oct. 7 attack (October 7th) that changed everything.
35:13 — Statement that the discussion is taking place in 2024, January.
35:08 — Reference to “about day 111” since the invasion.
39:12 — Reference to “the war” opening up new opportunities compared to “a lot of opportunity that we never dreamed this time last year or just a few months ago.”
40:12 — Mention of the attacks on October 7th that destroyed 14 ambulances.
41:04 — Reference to “the early 80s” when the host first met the guest.
41:06 — Person 311 says “40‑some years ago.”
46:00 — Reference to “40 years after I sat here with your mom and dad.”
55:57 — Matt Crouch notes “the program that you appeared on some 40 years ago.”","16:20 — Upcoming release of the red‑letter Old Testament edition within approximately two weeks; information may become outdated after that period.
19:21 — Call‑to‑action for viewers to contact Samaritan’s Purse for the upcoming edition; the opportunity is time‑limited to the near‑future release window.
04:49 — Reference to the October 7, 2023 attack as a recent, still‑relevant crisis; the context may change as the situation evolves.
35:08 — “Day 111” indicates a relative‑date count from the Oct. 7 invasion, useful for tracking how long the relief effort has been ongoing.
38:16 — Announcement of seven additional armor‑plated ambulances on order, indicating upcoming delivery and deployment.
26:39 — Description of grocery‑box distributions funded by Samaritan’s Purse, a current humanitarian activity.
31:02 — Reference to Samaritan’s Purse being on the ground “on October 7th,” linking the relief response directly to that event.
40:12 — The October 7th attack is a recent, ongoing conflict; references to destroyed ambulances and the need for replacements are time‑sensitive.
45:17 — Discussion of Palestinians unable to work in Israel after the October 7 border closure, indicating an immediate humanitarian crisis.
49:04 — Description of 24,000 gift boxes flown into Israel and customs impoundment; the distribution is tied to the current post‑conflict relief effort.
53:16 — Matt Crouch remarks on an “openness to Jewish people, to God and to Messiah,” implying a present‑day evangelistic opportunity linked to current events.
54:25 — Invitation to pray a salvation prayer and contact “TB” for literature; this call‑to‑action is relevant to listeners at the time of broadcast."
HD-P120822R-070417,Original: 2022-12-08 | Last: 2022-12-09,David Jeremiah,Person 1024; Person 1018; Person 1022; Person 1023,"David Jeremiah explains that the documentary “Why the Nativity,” based on his 2006 book, expands a concise Q&A on Christmas into a full‑length docudrama aimed at deepening personal faith in Jesus by portraying the incarnation as the fulfillment of prophecy, while detailing its COVID‑19‑era production, accompanying church‑kit resources, and planned broadcast on TBN and online platforms.","David Jeremiah opens the discussion by explaining that the documentary “Why the Nativity” emerged from a 2006 book he authored for Tyndall House, a work that answered twenty‑five common questions about Christmas. He frames the film as an extension of that written effort, moving from a modest text to a full‑length docudrama intended to deepen viewers’ personal relationship with Jesus. Jeremiah stresses that the central purpose of the project is not merely to recount historical events but to create a hunger for a living connection with Christ. He outlines the theological foundation of the Christmas story, citing the incarnation as the pivotal act of God entering human history, and he repeatedly returns to the claim that knowing Jesus personally is essential for salvation. The conversation then shifts to a broader group of participants who elaborate on the core Christian message conveyed by the film. They describe the birth of Jesus as the fulfillment of Old‑Testament prophecy, referencing Isaiah and the promise of a Messiah who would bring redemption. Biblical passages such as John 3:16 are invoked to illustrate the link between the Nativity and the offer of eternal life. The participants connect the ancient narrative to contemporary concerns, noting that the film addresses modern issues like inflation and the search for meaning in a materialistic culture. By presenting the Nativity through a fresh visual lens, they aim to show how the story speaks to today’s spiritual hunger. Production details dominate the next segment of the chronology. Jeremiah recounts the logistical hurdles imposed by the COVID‑19 pandemic, which forced shutdowns and required extensive safety protocols. He notes that the project mobilized a sizable creative team, including producer Paul Joyner and several other producers identified only by numeric designations, indicating a collaborative structure that blended ministry and Hollywood expertise. Specific challenges included animal wrangling for scenes that required authentic livestock, the coordination of international characters to reflect the global impact of the birth, and the composition of an original score by Don Harper. Jeremiah emphasizes that despite the high production values, every element serves the spiritual aim of the film rather than mere entertainment. Jeremiah also describes ancillary resources developed alongside the movie. He mentions a “church‑kit” designed for small congregations, providing tools to facilitate group viewings and discussions that reinforce the film’s message. The kit is intended to help churches use the documentary as a catalyst for evangelism and discipleship, reinforcing the earlier claim that the film is a “gift to the body of Christ.” He announces that the finished documentary will be broadcast on the Trinity Broadcasting Network (TBN) and that a 2022 version will be made available online, ensuring wide accessibility. In the final minutes, the speakers reflect on the intended legacy of “Why the Nativity.” They express hope that the film will become an annual viewing tradition for Christians worldwide, reinforcing the Nativity’s relevance each Christmas season. The discussion concludes with brief farewells, underscoring the collaborative spirit that brought the project from a 2006 book to a multi‑medium","02:10 — Reference to Jesus being born 2,000 years ago in Bethlehem.
08:21 — Jeremiah states he wrote a book in 2006 for Tyndall House.
08:25 — Mention of a three‑week deadline to write the book answering 25 Christmas questions.
09:07 — Reference to going through COVID, indicating the pandemic period.
19:49 — Reference to the event occurring 2000 years ago in Bethlehem.
22:37 — Mention of ""Christmas 2022"" as the current season.
26:04 — Reference to the miraculous birth of Jesus 2000 years ago.
51:15 — Reference to a new 2022 version of the film being out.","01:30 — The three‑week deadline for the 2006 book is a time‑sensitive claim about a past deadline.
01:30 — Statement that releasing the film at Christmas would make it a recurring annual tradition, implying an upcoming seasonal launch.
09:07 — Mention of COVID‑related production challenges, which were time‑sensitive to the pandemic era.
20:17 — Statement that the film has been in production for about two and a half years.
22:37 — Reference to the current year (2022) for Christmas, making the comment time‑sensitive.
38:42 — Jeremiah mentions the film’s premiere will be in a couple of days.
49:53 — Calls to consider why the nativity story matters this Christmas (seasonal relevance).
50:02 — Invitation to travel back in time for a Christmas‑focused program.
50:37 — Announcement that the film will be airing on TBN.
51:03 — Prompt to visit the “Why the Nativity” website for more information.
51:15 — Promotion of the new 2022 version of the film, implying current availability.
51:34 — Reference to Christmas celebrations in churches, indicating relevance during the holiday season.
51:39 — Mention of Christmas celebrations at Shadow Mountain, relevant to the current Christmas period.
51:44 — Information about a special Christmas package for churches, timely for the holiday season.
52:00 — Encouragement for small and bivocational churches to use the film now, implying immediate applicability."
